BILLING_ADDRESS,BILLING_ADDRESS_CITY_STATE_ZIP,AGENT_ENTITY,AGENT_FIRST_NAME,AGENT_LAST_NAME,AGENT_MIDDLE_NAME,AGENT_PHONE,SITE_ADDRESS,BBL_CITY_STATE_ZIP,BILLING_NAME,CUSTOMER_NUMBER,DC_ADDR_FLAG,LICENSECATEGORY,ENTITY_NAME,FIRST_NAME,LAST_NAME,DCS_ADD_DATE,LICENSE_END_DATE,LICENSE_ISSUE_DATE,LICENSE_START_DATE,LICENSE_CATEGORY_TEXT,LICENSE_CATEGORY_CODE,LICENSESTATUS,PHONE_NUMBER,CITY,STATE,ZIP,BBL_LICENSE_FACT_ID,LATITUDE,LONGITUDE,XCOORD,YCOORD,ZIPCODE,MARADDRESSREPOSITORYID,WARD,ANC,SMD,DISTRICT,PSA,NEIGHBORHOODCLUSTER,BUSINESSIMPROVEMENTDISTRICT,MAINSTREET,DCS_LAST_MOD_DTTM,GLOBALID,OBJECTID
,1023 EAST CAPITOL ST WASHINGTON DC 20003 ,,ATILLA,SUZER,,,1023 EAST CAPITOL ST SE ,WASHINGTON DC 20003,WINEANDBUTTERr LLC,930817000017,Y,Grocery Store,WINEANDBUTTERr LLC,,,,2027/04/30 04:00:00+00,2025/04/09 04:00:00+00,2025/05/01 04:00:00+00,Public Health Food Establish,9305,Active,2025507939,WASHINGTON,DC,20003,551000549,38.88952663,-76.99171037,400719.18,135742.67,,75210,6,ANC 6B,6B05,FIRST,107,Cluster 26,,,2026/04/03 08:30:22+00,{4E8BF186-868C-6B09-E063-782F520A8A93},393095293
,104 KENNEDY STREET N WASHINGTON DC 20011 ,,JOHN,ZERAI,,2027341005,104 KENNEDY ST NW ,WASHINGTON DC 20011,FIYAMETA L.L.C.,930815000024,Y,Grocery Store,FIYAMETA L.L.C.,,,,2028/02/29 05:00:00+00,2026/02/19 05:00:00+00,2026/02/19 05:00:00+00,Public Health Food Establish,9308,Active,2027224163,WASHINGTON,DC,20011,551037247,38.95639308,-77.01209203,398951.92,143165.45,,245887,4,ANC 4B,4B08,FOURTH,406,Cluster 17,,,2026/04/03 08:30:26+00,{4E8BF187-0241-6B09-E063-782F520A8A93},393126962
,1064 BLADENSBURG ROA WASHINGTON DC 20002 ,,KIFLOM T,MELES,,202-545-0009,1064 BLADENSBURG RD NE ,WASHINGTON DC 20002,FANA INC.,930817000012,Y,Grocery Store,FANA INC.,,,,2027/02/28 05:00:00+00,2025/03/03 05:00:00+00,2025/03/01 05:00:00+00,Public Health Food Establish,4103,Active,7034856087,WASHINGTON,DC,20002,551032861,38.9039767,-76.98109167,401640.09,137346.88,,276160,5,ANC 5D,5D06,FIFTH,506,Cluster 23,,,2026/04/03 08:30:25+00,{4E8BF186-F4A8-6B09-E063-782F520A8A93},393123481
,6833 4th Street NW Washington DC 20012 ,Nicolas Cabrera,,,,,1100 4TH ST ,WASHINGTON DC 20002,Lost Sock Roasters,930825000034,Y,Grocery Store,Lost Sock Roasters,,,,2029/04/30 04:00:00+00,2025/05/28 04:00:00+00,2025/05/01 04:00:00+00,Public Health Food Establish,9305,Active,,WASHINGTON,DC,20002,550958933,38.9038822,-77.000825,399928.44,137336.22,,74582,6,ANC 6C,6C07,FIFTH,501,Cluster 25,,,2026/04/03 08:30:19+00,{4E8BF185-F8D3-6B09-E063-782F520A8A93},393059012
,1115 U ST NW WASHINGTON DC 20009 ,Adanech Gebremeskel,,,,,1115 U ST ,WASHINGTON DC 20009,RAMI 2,930825000024,Y,Grocery Store,RAMI 2,,,,2027/03/31 04:00:00+00,2025/04/10 04:00:00+00,2025/04/01 04:00:00+00,Public Health Food Establish,9101,Active,,WASHINGTON,DC,20009,551010448,38.9172065,-77.02775344,397593.14,138815.73,,309088,1,ANC 1B,1B08,THIRD,305,Cluster 3,,,2026/04/03 08:30:23+00,{4E8BF186-A710-6B09-E063-782F520A8A93},393103617
,1136 FLORIDA AVENUE  WASHINGTON DC 20002 ,UNITED STATES CORPORATION AGENTS INC.,,,,2027608545,1136 FLORIDA AVE NE ,WASHINGTON DC 20002,"BODEGA MARKET, LLC.",930814000013,Y,Grocery Store,"BODEGA MARKET, LLC.",,,,2028/01/31 05:00:00+00,2026/01/13 05:00:00+00,2026/02/01 05:00:00+00,Public Health Food Establish,9308,Active,2027608545,WASHINGTON,DC,20002,551002131,38.90303925,-76.99035441,400836.66,137242.69,,73050,5,ANC 5D,5D03,FIFTH,506,Cluster 23,,,2026/04/03 08:30:23+00,{4E8BF186-8B17-6B09-E063-782F520A8A93},393096456
,1201 MOUNT OLIVET RD WASHINGTON DC 20002 ,"SHAPIRO, LIFSCHITZ AND SCHRAM",,,,2026891900,1201 MOUNT OLIVET RD NE ,WASHINGTON DC 20002,JSSI-PINE LLC.,930816000010,Y,Grocery Store,JSSI-PINE LLC.,,,,2027/11/30 05:00:00+00,2025/10/28 04:00:00+00,2025/12/01 05:00:00+00,Public Health Food Establish,4103,Active,7036258800,WASHINGTON,DC,20002,551032860,38.90978168,-76.98481102,401317.37,137991.22,,285914,5,ANC 5D,5D05,FIFTH,506,Cluster 23,,,2026/04/03 08:30:25+00,{4E8BF186-F4A7-6B09-E063-782F520A8A93},393123480
SUITE #1,1221 Massachusetts A Washington DC 20005 ,"INCORP SERVICES,INC.",,,,2024147891,1221 MASSACHUSETTS AVE NW ,WASHINGTON DC 20005,S & H 4 INC.,930817000032,Y,Grocery Store,S & H 4 INC.,,,,2027/05/31 04:00:00+00,2025/06/12 04:00:00+00,2025/06/01 04:00:00+00,Public Health Food Establish,9308,Active,2024147891,WASHINGTON,DC,20005,550959023,38.90500016,-77.02904213,397480.95,137460.76,,240918,2,ANC 2F,2F08,THIRD,307,Cluster 8,,,2026/04/03 08:30:19+00,{4E8BF185-F863-6B09-E063-782F520A8A93},393058900
,1231 11th STREET N.W WASHINGTON DC 20001 ,,Doo Yun,Park,,703-615-9574,1231 11TH ST NW ,WASHINGTON DC 20001,"AMKO INTERNATIONAL, INC.",53004860,Y,Grocery Store,"AMKO INTERNATIONAL, INC.",,,,2027/08/31 04:00:00+00,2025/08/08 04:00:00+00,2025/08/01 04:00:00+00,Public Health Food Establish,9308,Active,9999999999,WASHINGTON,DC,20001,550971672,38.90676492,-77.02668384,397685.56,137656.6,,239341,2,ANC 2F,2F08,THIRD,307,Cluster 7,,,2026/04/03 08:30:20+00,{4E8BF186-246E-6B09-E063-782F520A8A93},393070175
,1238 W ST NE Washington DC 20018 ,ERNESTO F. PEREZ,,,,,1238 W ST NE ,Washington DC 20018,INTERNATIONAL WHOLESALERS,930825000036,Y,Grocery Store,INTERNATIONAL WHOLESALERS,,,,2029/05/31 04:00:00+00,2025/06/12 04:00:00+00,2025/06/01 04:00:00+00,Public Health Food Establish,9306,Active,,WASHINGTON,DC,20018,551037225,38.91942911,-76.98829835,401014.77,139062.12,,302187,5,ANC 5C,5C05,FIFTH,505,Cluster 22,,,2026/04/03 08:30:26+00,{4E8BF187-022F-6B09-E063-782F520A8A93},393126944
,1245 5TH STREET NW WASHINGTON DC 20001 ,MESKELU GEBRESELASE,,,,,1245 5TH ST NW ,WASHINGTON DC 20001,ELLE YAME LLC,930821000008,Y,Grocery Store,ELLE YAME LLC,,,,2027/05/31 04:00:00+00,2025/05/30 04:00:00+00,2025/06/01 04:00:00+00,Public Health Food Establish,9308,Active,,WASHINGTON,DC,20001,551002140,38.90710516,-77.01868191,398379.62,137694.16,,237464,2,ANC 2G,2G06,THIRD,308,Cluster 7,,,2026/04/03 08:30:23+00,{4E8BF186-8B1E-6B09-E063-782F520A8A93},393096463
,1265-1267 4th STEET  WASHINGTON DC 20002 ,,HOUSHANG,MOMENIAN,,,1265 1267 4TH ST NE ,WASHINGTON DC 20002,BEST VALUE LLC.,930823000006,Y,Grocery Store,BEST VALUE LLC.,,,,2027/08/31 04:00:00+00,2025/08/28 04:00:00+00,2025/08/28 04:00:00+00,Public Health Food Establish,9308,Active,,WASHINGTON,DC,20002,550999387,38.90824218,-76.99937245,400054.43,137820.25,,69258,5,ANC 5D,5D01,FIFTH,501,Cluster 23,,,2026/04/03 08:30:22+00,{4E8BF186-8340-6B09-E063-782F520A8A93},393094449
,1303 Marion Barry Av Washington DC 20020 ,CHRISTOHER WELLS BRADSHAW,,,,,1303 GOOD HOPE RD ,WASHINGTON DC 20020,"DREAMING OUT LOUD, INC.",930825000022,Y,Grocery Store,"DREAMING OUT LOUD, INC.",,,,2029/02/28 05:00:00+00,2025/03/27 04:00:00+00,2025/03/01 05:00:00+00,Public Health Food Establish,9306,Active,,WASHINGTON,DC,20020,551037224,38.8668233469,-76.9868481832,401141.37,133222.52,,286027,8,ANC 8A,8A06,SEVENTH,701,Cluster 28,Anacostia BID,,2026/04/03 08:30:26+00,{4E8BF187-022E-6B09-E063-782F520A8A93},393126943
,1308 5th STREET N.E. WASHINGTON DC 20002 ,,MOHAMMED,RASHAD,,2022327108,1308 5TH ST NE ,WASHINGTON DC 20002,BIG VALLEY INC.,67000316,Y,Grocery Store,BIG VALLEY INC.,,,,2026/12/31 05:00:00+00,2025/03/18 04:00:00+00,2025/01/01 05:00:00+00,Public Health Food Establish,9308,Active,2025445477,WASHINGTON,DC,20002,550940660,38.90901748,-76.99809253,400165.44,137906.28,,286034,5,ANC 5D,5D01,FIFTH,501,Cluster 23,,,2026/04/03 08:30:18+00,{4E8BF189-63FA-6B09-E063-782F520A8A93},393283051
,1309 5th STREET N.E. WASHINGTON DC 20002 ,,ABEDALELAH,ALMAALA,H,(202) 546-2290,1309 5TH ST NE ,WASHINGTON DC 20002,,64001712,Y,Grocery Store,,ABEDALELAH,ALMAALA,,2026/08/31 04:00:00+00,2024/08/20 04:00:00+00,2024/09/01 04:00:00+00,Public Health Food Establish,9308,Active,2025462290,WASHINGTON,DC,20002,550967601,38.90871669,-76.99765027,400203.8,137872.89,,301991,5,ANC 5D,5D01,FIFTH,501,Cluster 23,,,2026/04/03 08:30:19+00,{4E8BF186-168C-6B09-E063-782F520A8A93},393066621
,1348 MARION BARRY AV WASHINGTION DC 20020 ,ADANECH GEBREMESKEL,,,,,1348 MARION BARRY AVE SE ,WASHINGTON DC 20020,ABDI US,930825000042,Y,Grocery Store,ABDI US,,,,2027/08/31 04:00:00+00,2025/08/15 04:00:00+00,2025/08/15 04:00:00+00,Public Health Food Establish,4003,Active,,WASHINGTON,DC,20020,551033148,38.86705173,-76.98551898,401256.72,133247.89,,338193,8,ANC 8A,8A02,SIXTH,607,Cluster 34,Anacostia BID,,2026/04/03 08:30:26+00,{4E8BF186-F442-6B09-E063-782F520A8A93},393123379
,1370 PARK ROAD NW WASHINGTON DC 20010 ,ADANECH GEBREMESKEL,,,,,1370 PARK RD NW ,WASHINGTON DC 20010,PARK MART,930825000041,Y,Grocery Store,PARK MART,,,,2027/07/31 04:00:00+00,2025/07/28 04:00:00+00,2025/07/28 04:00:00+00,Public Health Food Establish,4003,Active,,WASHINGTON,DC,20010,551005202,38.9304694,-77.03173718,397248.17,140288.1,,302715,1,ANC 1A,1A06,THIRD,302,Cluster 2,,,2026/04/03 08:30:23+00,{4E8BF186-9564-6B09-E063-782F520A8A93},393099093
,1396 FLORIDA AVENUE  WASHINGTION DC 20002 ,MOHAMMEDJEMAL  MOHAMMEDNUE,,,,,1396 FLORIDA AVE ,WASHINGTON DC 20002,HUDA,930825000037,Y,Grocery Store,HUDA,,,,2027/05/31 04:00:00+00,2025/06/24 04:00:00+00,2025/06/01 04:00:00+00,Public Health Food Establish,9101,Active,,WASHINGTON,DC,20002,551010449,38.9011123,-76.98536888,401269.14,137028.84,,286118,5,ANC 5D,5D03,FIFTH,506,Cluster 23,,,2026/04/03 08:30:23+00,{4E8BF186-A711-6B09-E063-782F520A8A93},393103618
,1399 HALF ST SW WASHINGTON DC 20024 ,"ACE CORPORATE SERVICES, INC",,,,9999999999,1399 HALF ST SW ,WASHINGTON DC 20024,"FRIENDLY DAVID'S MARKET, INC.",53002607,Y,Grocery Store,"FRIENDLY DAVID'S MARKET, INC.",,,,2027/08/31 04:00:00+00,2025/07/25 04:00:00+00,2025/09/01 04:00:00+00,Public Health Food Establish,9308,Active,2024843114,WASHINGTON,DC,20024,551002126,38.87312863,-77.01083323,399059.93,133922.39,,276537,6,ANC 6D,6D08,FIRST,105,Cluster 9,,,2026/04/03 08:30:23+00,{4E8BF186-8B13-6B09-E063-782F520A8A93},393096452
,1412 14TH ST NW WASHINGTON DC 20005 ,ALKHANBESHI M SALEM,,,,,1412 14TH ST NW ,WASHINGTON DC 20005,ALKHANBESHI GLOBAL,930824000018,Y,Grocery Store,ALKHANBESHI GLOBAL,,,,2026/07/31 04:00:00+00,2024/08/16 04:00:00+00,2024/08/01 04:00:00+00,Public Health Food Establish,9308,Active,,WASHINGTON,DC,20005,551037262,38.909337,-77.03221987,397205.49,137942.24,,218115,2,ANC 2F,2F03,SECOND,208,Cluster 7,,,2026/04/03 08:30:26+00,{4E8BF187-024E-6B09-E063-782F520A8A93},393126975
,1412 PENNSYLVANIA AV WASHINGTON DC 20003 ,ABAS Beseremo,,,,,1412 PENNSYLVANIA AVE SE ,WASHINGTON DC 20003,RIHANA INC,930822000010,Y,Grocery Store,RIHANA INC,,,,2027/12/31 05:00:00+00,2025/12/30 05:00:00+00,2026/01/01 05:00:00+00,Public Health Food Establish,9308,Active,2028038651,WASHINGTON,DC,20003,550999385,38.88026222,-76.98456779,401339.02,134714.33,,64660,6,ANC 6B,6B09,FIRST,106,Cluster 26,Capitol Hill BID,,2026/04/03 08:30:22+00,{4E8BF186-833E-6B09-E063-782F520A8A93},393094447
,1414 14th St NW Washinngton DC 20005 ,Nandlal Gevaria,,,,,1414 14TH ST NW ,WASHINGTON DC 20005,NG Liquor Enterprises,930820000014,Y,Grocery Store,NG Liquor Enterprises,,,,2026/07/31 04:00:00+00,2024/08/12 04:00:00+00,2024/08/01 04:00:00+00,Public Health Food Establish,9308,Active,,WASHINGTON,DC,20005,551037255,38.90938726,-77.03222381,397205.15,137947.82,,218119,2,ANC 2F,2F03,SECOND,208,Cluster 7,,,2026/04/03 08:30:26+00,{4E8BF187-0247-6B09-E063-782F520A8A93},393126968
,1460 PARK RD. NW WASHINGTON DC 20009 ,2118 14TH STREET INC,,,,,1460 PARK RD NW ,WASHINGTON DC 20010,GROCERY BELEN,930826000005,Y,Grocery Store,GROCERY BELEN,,,,2027/10/31 04:00:00+00,2025/10/31 04:00:00+00,2025/10/31 04:00:00+00,Public Health Food Establish,9308,Active,,WASHINGTON,DC,20010,551003297,38.93076226,-77.03460584,396999.45,140320.7,,234395,1,ANC 1A,1A05,THIRD,302,Cluster 2,,,2026/04/03 08:30:23+00,{4E8BF186-9065-6B09-E063-782F520A8A93},393097814
,"1500 MASS AVE., NW A WASHINGTON DC 20005 ",CHUNG SOO MOON,,,,,1500 MASSACHUSETTS AVE NW ,WASHINGTON DC 20005,MOON RUN,930825000017,Y,Grocery Store,MOON RUN,,,,2027/01/31 05:00:00+00,2025/02/25 05:00:00+00,2025/02/01 05:00:00+00,Public Health Food Establish,9308,Active,,WASHINGTON,DC,20005,551003289,38.90650274,-77.03550892,396920.1,137627.72,,242324,2,ANC 2C,2C02,SECOND,208,Cluster 6,Downtown BID,,2026/04/03 08:30:23+00,{4E8BF186-9060-6B09-E063-782F520A8A93},393097809
,"1500 OGDEN STREET, N WASHINGTON DC 20010 ",,ABEBECH,NEGA,M,2022345630,1500 OGDEN ST NW ,WASHINGTON DC 20010,"BERHANU AND NEGA, LLC",67003608,Y,Grocery Store,"BERHANU AND NEGA, LLC",,,,2027/05/31 04:00:00+00,2025/06/03 04:00:00+00,2025/06/01 04:00:00+00,Public Health Food Establish,9308,Active,2026673432,WASHINGTON,DC,20010,550940661,38.93539792,-77.03494396,396970.33,140835.31,,234686,1,ANC 1D,1D06,FOURTH,408,Cluster 2,,,2026/04/03 08:30:18+00,{4E8BF185-B8B9-6B09-E063-782F520A8A93},393042602
,1503 NORTH CAPITOL S WASHINGTON DC 20002 ,Amio Jahan,,,,,1503 NORTH CAPITOL ST NE ,WASHINGTON DC 20002,North Capitol Convenience LLC.,930821000013,Y,Grocery Store,North Capitol Convenience LLC.,,,,2027/06/30 04:00:00+00,2025/06/09 04:00:00+00,2025/07/01 04:00:00+00,Public Health Food Establish,9308,Active,,WASHINGTON,DC,20002,551037257,38.90984723,-77.0087262,399243.16,137998.46,,62457,5,ANC 5F,5F07,FIFTH,501,Cluster 21,NoMa BID,,2026/04/03 08:30:26+00,{4E8BF187-0249-6B09-E063-782F520A8A93},393126970
,1515 WISCONSIN AVE N WASHINGTON DC 20007 ,REGISTERED AGENTS INC.,,,,,1515 WISCONSIN AVE NW ,WASHINGTON DC 20007,AKSE,930824000025,Y,Grocery Store,AKSE,,,,2026/08/31 04:00:00+00,2024/09/23 04:00:00+00,2024/09/01 04:00:00+00,Public Health Food Establish,9101,Active,,WASHINGTON,DC,20007,551010447,38.90969195,-77.06424025,394428.31,137983.11,,223924,2,ANC 2E,2E03,SECOND,206,Cluster 4,Georgetown BID,,2026/04/03 08:30:23+00,{4E8BF186-A70F-6B09-E063-782F520A8A93},393103616
,1517 MARION BARRY AV WASHINGTON DC 20020 ,PROFESSIONAL CORPORATION SERVICE INC,,,,,1517 MARION BARRY AVE SE ,WASHINGTON DC 20020,ABYO LLC,930820000004,Y,Grocery Store,ABYO LLC,,,,2028/02/29 05:00:00+00,2026/02/09 05:00:00+00,2026/02/09 05:00:00+00,Public Health Food Establish,4103,Active,2026428567,WASHINGTON,DC,20020,550988776,38.86614159,-76.98270428,401501.01,133146.9,,338267,8,ANC 8A,8A05,SEVENTH,701,Cluster 28,Anacostia BID,,2026/04/03 08:30:21+00,{4E8BF186-5D61-6B09-E063-782F520A8A93},393084754
,1543 7TH ST NW WASHINGTON DC 20001 ,Adanech Gebremeskel,,,,,1543 7TH ST NW ,WASHINGTON DC 20001,TOBACCO KING DC,930824000020,Y,Grocery Store,TOBACCO KING DC,,,,2026/07/31 04:00:00+00,2024/08/26 04:00:00+00,2024/08/01 04:00:00+00,Public Health Food Establish,9308,Active,,WASHINGTON,DC,20001,550968844,38.91082989,-77.02167445,398120.16,138107.73,,218342,2,ANC 2G,2G03,THIRD,308,Cluster 7,,,2026/04/03 08:30:19+00,{4E8BF189-547D-6B09-E063-782F520A8A93},393279086
,"1100 4th Street, SW Washington DC 20024 ",REPUBLIC REGISTERED AGENT  LLC,,,,,1600 TAYLOR ST NE ,Washington DC 20017,KP MARKETING,930825000015,Y,Grocery Store,KP MARKETING,,,,2029/04/30 04:00:00+00,2025/02/18 05:00:00+00,2029/02/01 05:00:00+00,Public Health Food Establish,9101,Active,,WASHINGTON,DC,20017,551036471,38.94098207,-76.98220189,401542.99,141454.77,,286330,5,ANC 5B,5B02,FIFTH,504,Cluster 20,,,2026/04/03 08:30:26+00,{4E8BF187-00DE-6B09-E063-782F520A8A93},393126607
,1611 Rhode Island Av Washington DC DC 20018 ,,Fekadu,Lema,A.,4046419924,1611 RHODE ISLAND AVE NE ,WASHINGTON DC 20018,NANA BABA INC.,930821000001,Y,Grocery Store,NANA BABA INC.,,,,2026/09/30 04:00:00+00,2024/08/05 04:00:00+00,2024/10/01 04:00:00+00,Public Health Food Establish,4103,Active,4046419924,WASHINGTON,DC,20018,551032863,38.92621455,-76.98129001,401622.38,139815.5,,59933,5,ANC 5C,5C07,FIFTH,505,Cluster 22,,,2026/04/03 08:30:25+00,{4E8BF189-9C29-6B09-E063-782F520A8A93},393297434
,1613 MONTELLO AVENUE WASHINGTON DC 20002 ,,BOBBY,GILCHRIST,,(202) 388-7575,1613 MONTELLO AVE NE ,WASHINGTON DC 20002,JABBO'S COMPACT MARKET INC.,930819000011,Y,Grocery Store,JABBO'S COMPACT MARKET INC.,,,,2027/02/28 05:00:00+00,2025/02/28 05:00:00+00,2025/03/01 05:00:00+00,Public Health Food Establish,4003,Active,2023887575,WASHINGTON,DC,20002,551033144,38.90735929,-76.9866213,401160.4,137722.29,,59807,5,ANC 5D,5D04,FIFTH,506,Cluster 23,,,2026/04/03 08:30:26+00,{4E8BF186-F43F-6B09-E063-782F520A8A93},393123376
,1618 8th STREET N.W. WASHINGTON DC 20001 ,,BEFKADU,ALEMU,,2023878969,1618 8TH ST NW ,WASHINGTON DC 20001,ABT LIQUOR L.L.C.,930819000006,Y,Grocery Store,ABT LIQUOR L.L.C.,,,,2026/09/30 04:00:00+00,2025/06/02 04:00:00+00,2024/10/01 04:00:00+00,Public Health Food Establish,4103,Active,2023878969,WASHINGTON,DC,20001,551039120,38.91166518,-77.02321524,397986.55,138200.45,,225828,2,ANC 2G,2G02,THIRD,307,Cluster 7,,,2026/04/03 08:30:26+00,{4E8BF187-09E1-6B09-E063-782F520A8A93},393128914
,1369 New York Ave NE Washington DC 20002 ,Cullen Gilchrist,,,,,1625 ECKINGTON PL NE ,WASHINGTON DC 20002,Eckington UK LLC,930823000017,Y,Grocery Store,Eckington UK LLC,,,,2027/02/28 05:00:00+00,2025/05/15 04:00:00+00,2025/03/01 05:00:00+00,Public Health Food Establish,4103,Active,,WASHINGTON,DC,20002,551039125,38.91199724,-77.00399957,399653.12,138237.1,,145957,5,ANC 5F,5F06,FIFTH,502,Cluster 21,NoMa BID,,2026/04/03 08:30:26+00,{4E8BF187-09E6-6B09-E063-782F520A8A93},393128919
,1625 Eckington Pl NE WASHINGTON DC 20002 ,James Corbitt,,,,,1625 ECKINGTON PL NE ,WASHINGTON DC 20002,Notsoguilty,930826000010,Y,Grocery Store,Notsoguilty,,,,2029/12/31 05:00:00+00,2025/12/26 05:00:00+00,2025/12/26 05:00:00+00,Public Health Food Establish,9306,Active,,WASHINGTON,DC,20002,551002114,38.91199724,-77.00399957,399653.12,138237.1,,145957,5,ANC 5F,5F06,FIFTH,502,Cluster 21,NoMa BID,,2026/04/03 08:30:23+00,{4E8BF189-44D2-6B09-E063-782F520A8A93},393275075
,1629 COLUMBIA RD NW WASHINGTON DC 20009 ,Sajid Shah,,,,,1629 COLUMBIA RD ,WASHINGTON DC 20009,Sodo,930825000020,Y,Grocery Store,Sodo,,,,2027/02/28 05:00:00+00,2025/03/10 04:00:00+00,2025/03/01 05:00:00+00,Public Health Food Establish,9308,Active,,WASHINGTON,DC,20009,551003291,38.92610461,-77.03784927,396718.01,139803.81,,236284,1,ANC 1C,1C06,THIRD,303,Cluster 1,Adams Morgan BID,,2026/04/03 08:30:23+00,{4E8BF186-9062-6B09-E063-782F520A8A93},393097811
,1727 NORTH CAPITOL S WASHINGTON DC 20002 ,,GENET M.,YAEKOB,,(301) 434-1836,1727 NORTH CAPITOL ST NE ,WASHINGTON DC 20002,,54001630,Y,Grocery Store,,TIGST M. YAEKOB,AND GENET M. YAEKOB,,2028/03/31 04:00:00+00,2026/01/22 05:00:00+00,2026/04/01 04:00:00+00,Public Health Food Establish,9308,Active,3014341836,WASHINGTON,DC,20002,550971674,38.91347009,-77.00872791,399243.05,138400.59,,56945,5,ANC 5F,5F07,FIFTH,502,Cluster 21,,,2026/04/03 08:30:20+00,{4E8BF186-2470-6B09-E063-782F520A8A93},393070177
,1733 COLUMBIA RD NW WASHINGTON DC 20009 ,MOHAMMED Y JEMAL,,,,,1733 COLUMBIA RD NW ,WASHINGTON DC 20009,COLOMBIA RD MARKET,930825000045,Y,Grocery Store,COLOMBIA RD MARKET,,,,2027/09/30 04:00:00+00,2025/09/15 04:00:00+00,2025/09/15 04:00:00+00,Public Health Food Establish,4103,Active,,WASHINGTON,DC,20009,551032866,38.92461373,-77.04020346,396513.8,139638.36,,235942,1,ANC 1C,1C06,THIRD,303,Cluster 1,Adams Morgan BID,,2026/04/03 08:30:25+00,{4E8BF186-F4AC-6B09-E063-782F520A8A93},393123485
,1812 1/2 HAMLIN ST N WASHINGTON DC 20018 ,ADANECH GEBREMESKEL,,,,,1812 HAMLIN ST NE ,WASHINGTON DC 20018,NAOM,930824000010,Y,Grocery Store,NAOM,,,,2028/02/29 05:00:00+00,2026/02/26 05:00:00+00,2026/02/26 05:00:00+00,Public Health Food Establish,9308,Active,,WASHINGTON,DC,20018,551037261,38.92845685,-76.97839423,401873.42,140064.47,,307544,5,ANC 5B,5B06,FIFTH,504,Cluster 22,,,2026/04/03 08:30:26+00,{4E8BF187-024D-6B09-E063-782F520A8A93},393126974
,1824 COLUMBIA ROAD N WASHINGTON DC 20009 ,,MAUEL,SOLLOSO,,2024135263,1824 COLUMBIA RD NW ,WASHINGTON DC 20009,FOUR BROTHERS LLC.,930817000036,Y,Grocery Store,FOUR BROTHERS LLC.,,,,2027/08/31 04:00:00+00,2025/08/06 04:00:00+00,2025/08/06 04:00:00+00,Public Health Food Establish,9308,Active,2024135263,WASHINGTON,DC,20009,551037251,38.92196563,-77.04304373,396267.37,139344.51,,235409,1,ANC 1C,1C03,THIRD,303,Cluster 1,Adams Morgan BID,,2026/04/03 08:30:26+00,{4E8BF187-0244-6B09-E063-782F520A8A93},393126965
,1828 1st Street N.W. WASHINGTON DC 20001 ,,ABIY,GHIRMAY,,2704039590,1828 1ST ST NW ,WASHINGTON DC 20001,SIENNA LLC.,930821000006,Y,Grocery Store,SIENNA LLC.,,,,2027/04/30 04:00:00+00,2025/04/30 04:00:00+00,2025/05/01 04:00:00+00,Public Health Food Establish,9305,Active,2704039590,WASHINGTON,DC,20001,551037165,38.91513371,-77.01240397,398924.26,138585.34,,218526,5,ANC 5E,5E03,THIRD,308,Cluster 21,,,2026/04/03 08:30:26+00,{4E8BF187-02A1-6B09-E063-782F520A8A93},393127058
,1828 1st Street N.W. Washington DC 20001 ,Saem Kifle,,,,,1828 1ST ST NW ,WASHINGTON DC 20001,Saemyodi LLC.,930826000009,Y,Grocery Store,Saemyodi LLC.,,,,2027/12/31 05:00:00+00,2025/12/22 05:00:00+00,2025/12/22 05:00:00+00,Public Health Food Establish,9101,Active,2023207220,WASHINGTON,DC,20001,551036475,38.91513371,-77.01240397,398924.26,138585.34,,218526,5,ANC 5E,5E03,THIRD,308,Cluster 21,,,2026/04/03 08:30:26+00,{4E8BF186-FFBF-6B09-E063-782F520A8A93},393126320
,1845 7th street nw Washington DC 20001 ,Adanech Gebremeskel,,,,,1845 7TH ST NW ,WASHINGTON DC 20001,HANNIM,930826000002,Y,Grocery Store,HANNIM,,,,2029/10/31 04:00:00+00,2025/10/14 04:00:00+00,2025/10/14 04:00:00+00,Public Health Food Establish,9308,Active,,WASHINGTON,DC,20001,550999400,38.91518115,-77.02171371,398116.87,138590.72,,279439,1,ANC 1B,1B02,THIRD,306,Cluster 3,,,2026/04/03 08:30:22+00,{4E8BF186-834B-6B09-E063-782F520A8A93},393094460
,1846 13th STREET N.W WASHINGTON DC 20009 ,PROFESSIONAL CORPORATION SERVICE INC.,,,,,1846 13TH ST NW ,WASHINGTON DC 20009,BET CORPORATION,930818000003,Y,Grocery Store,BET CORPORATION,,,,2027/10/31 04:00:00+00,2025/10/08 04:00:00+00,2025/11/01 04:00:00+00,Public Health Food Establish,9308,Active,2023902254,WASHINGTON,DC,20009,551037252,38.91542239,-77.02987566,397409.03,138617.7,,240475,1,ANC 1B,1B08,THIRD,305,Cluster 3,,,2026/04/03 08:30:26+00,{4E8BF189-90F8-6B09-E063-782F520A8A93},393294569
,1901 NEW HAMPSHIRE A WASHINGTON DC 20009 ,,,,,00,1901 NEW HAMPSHIRE AVE NW ,WASHINGTON DC 20009,FREEDOM MARKET INC,53004377,Y,Grocery Store,FREEDOM MARKET INC,,,,2026/08/31 04:00:00+00,2024/08/26 04:00:00+00,2024/09/01 04:00:00+00,Public Health Food Establish,9308,Active,2024835526,WASHINGTON,DC,20009,550967599,38.91573681,-77.03737746,396758.45,138652.88,,241927,2,ANC 2B,2B09,THIRD,301,Cluster 6,,,2026/04/03 08:30:19+00,{4E8BF186-168A-6B09-E063-782F520A8A93},393066619
,1816 19TH STREET N.W WASHINGTON DC 20009 ,,DANIEL,VOGEL,,2026867600,1924 8TH ST NW ,WASHINGTON DC 20001,GLEN'S SHAW L.L.C.,930816000007,Y,Grocery Store,GLEN'S SHAW L.L.C.,,,,2027/10/31 04:00:00+00,2015/11/24 05:00:00+00,2015/11/01 04:00:00+00,Public Health Food Establish,9308,Active,2035704063,WASHINGTON,DC,20001,551009973,38.91653968,-77.02321325,397986.86,138741.56,,310465,1,ANC 1B,1B02,THIRD,305,Cluster 3,,,2026/04/03 08:30:23+00,{4E8BF186-A696-6B09-E063-782F520A8A93},393103495
,"1942 1st Street, N.W Washington DC 20001 ",Fisseha Mekonnen,,,,,1942 1ST ST NW ,WASHINGTON DC 20001,"U FIRST MART,",930825000011,Y,Grocery Store,"U FIRST MART,",,,,2026/11/30 05:00:00+00,2024/12/19 05:00:00+00,2024/12/01 05:00:00+00,Public Health Food Establish,9308,Active,,WASHINGTON,DC,20001,551003287,38.91685797,-77.01241545,398923.29,138776.71,,227484,5,ANC 5E,5E04,THIRD,306,Cluster 21,,,2026/04/03 08:30:23+00,{4E8BF186-905E-6B09-E063-782F520A8A93},393097807
Floor 1,2000 17th ST NW Washington DC 20009 ,"REGISTERED AGENT SOLUTIONS, INC.",,,,,2000 17TH ST NW ,WASHINGTON DC 20009,NiQu LLC,930826000011,Y,Grocery Store,NiQu LLC,,,,2030/02/28 05:00:00+00,2026/02/13 05:00:00+00,2026/02/13 05:00:00+00,Public Health Food Establish,9308,Active,,WASHINGTON,DC,20009,550959036,38.91715003,-77.03878129,396636.77,138809.81,,218579,1,ANC 1B,1B07,THIRD,301,Cluster 6,,,2026/04/03 08:30:19+00,{4E8BF189-54E4-6B09-E063-782F520A8A93},393279189
UNIT B,2001 13TH ST NW WASHINGTON DC 20009 ,BELAIN KIFLEMARIAM,,,,,2001 13TH ST NW ,WASHINGTON DC 20009,RAMI RAW,930823000022,Y,Grocery Store,RAMI RAW,,,,2027/12/31 05:00:00+00,2025/12/30 05:00:00+00,2025/12/30 05:00:00+00,Public Health Food Establish,9308,Active,,WASHINGTON,DC,20009,551003283,38.91713926,-77.02930006,397459.01,138808.27,,240789,1,ANC 1B,1B08,THIRD,305,Cluster 3,,,2026/04/03 08:30:23+00,{4E8BF186-905A-6B09-E063-782F520A8A93},393097803
,2001 Benning Rd NE Washington DC 20002 ,NEGASSIE LEMLEM,,,,,2001 BENNING RD NE ,WASHINGTON DC 20002,Ng Tg,930822000005,Y,Grocery Store,Ng Tg,,,,2027/09/30 04:00:00+00,2025/08/27 04:00:00+00,2025/10/01 04:00:00+00,Public Health Food Establish,9308,Active,,WASHINGTON,DC,20002,551037258,38.89845561,-76.97538611,402135.15,136734.15,,150231,7,ANC 7D,7D05,FIFTH,507,Cluster 25,,,2026/04/03 08:30:26+00,{4E8BF187-024A-6B09-E063-782F520A8A93},393126971
,500 Irving St NW WASHINGTON DC 20010 ,Pablo,,,,,2006 RHODE ISLAND AVE NE ,WASHINGTON DC 20018,Aurora Enterprises,930823000028,Y,Grocery Store,Aurora Enterprises,,,,2027/06/30 04:00:00+00,2025/06/25 04:00:00+00,2025/07/01 04:00:00+00,Public Health Food Establish,9308,Active,,WASHINGTON,DC,20018,550959029,38.92951329,-76.97580073,402098.27,140181.8,,53027,5,ANC 5B,5B06,FIFTH,503,Cluster 22,,,2026/04/03 08:30:19+00,{4E8BF185-F869-6B09-E063-782F520A8A93},393058906
,2031 BENNING ROAD N. WASHINGTON DC 20002 ,,TADELE,BAYETA,,2027028719,2031 BENNING RD NE ,WASHINGTON DC 20002,EXPRESS CONVENIENCE STORE LLC.,930819000010,Y,Grocery Store,EXPRESS CONVENIENCE STORE LLC.,,,,2027/01/31 05:00:00+00,2025/01/13 05:00:00+00,2025/02/01 05:00:00+00,Public Health Food Establish,9308,Active,2027028719,WASHINGTON,DC,20002,550999383,38.89831539,-76.97443718,402217.47,136718.57,,52280,7,ANC 7D,7D05,FIFTH,507,Cluster 25,,,2026/04/03 08:30:22+00,{4E8BF186-833C-6B09-E063-782F520A8A93},393094445
,2101 ALABAMA AVENUE  WASHINGTON DC 20020 ,Adanech Gebremeskel,,,,,2101 ALABAMA AVE SE ,WASHINGTON DC 20020,Bair Investment,930825000002,Y,Grocery Store,Bair Investment,,,,2026/09/30 04:00:00+00,2024/10/21 04:00:00+00,2024/10/01 04:00:00+00,Public Health Food Establish,9308,Active,,WASHINGTON,DC,20020,551003286,38.85046159,-76.97506281,402164.65,131406.46,,51905,8,ANC 8C,8C05,SEVENTH,704,Cluster 38,,,2026/04/03 08:30:23+00,{4E8BF186-905D-6B09-E063-782F520A8A93},393097806
,"213 Upshur Street, N Washington DC 20011 ","ACE CORPORATE SERVICES, INC.",,,,,213 UPSHUR ST NW ,WASHINGTON DC 20011,Splash Enterprises,930820000016,Y,Grocery Store,Splash Enterprises,,,,2026/08/31 04:00:00+00,2024/07/10 04:00:00+00,2024/09/01 04:00:00+00,Public Health Food Establish,9101,Active,,WASHINGTON,DC,20011,550955819,38.9424544346,-77.014338077,398757,141618.2,,244388,4,ANC 4C,4C06,FOURTH,407,Cluster 18,,,2026/04/03 08:30:19+00,{4E8BF185-EDFB-6B09-E063-782F520A8A93},393056236
,2144 California stre Washington DC 20008 ,Daniel Petitta,,,,,2160 CALIFORNIA ST NW ,WASHINGTON DC 20008,Kalorama Market,930825000019,Y,Grocery Store,Kalorama Market,,,,2027/01/31 05:00:00+00,2025/03/07 05:00:00+00,2025/02/01 05:00:00+00,Public Health Food Establish,9101,Active,,WASHINGTON,DC,20008,551005027,38.91597378,-77.04866864,395779.24,138679.61,,218645,2,ANC 2D,2D02,SECOND,208,Cluster 1,,,2026/04/03 08:30:23+00,{4E8BF186-9629-6B09-E063-782F520A8A93},393099290
,2200 16th STREET S.E WASHINGTON DC 20020 ,PROFESSIONAL CORPORATION SERVICE INC.,,,,2025488000,2200 16TH ST SE ,WASHINGTON DC 20020,DC MARKET INCORPORATED,930817000035,Y,Grocery Store,DC MARKET INCORPORATED,,,,2027/06/30 04:00:00+00,2025/05/09 04:00:00+00,2025/07/01 04:00:00+00,Public Health Food Establish,4003,Active,2026693774,WASHINGTON,DC,20020,551033143,38.86345927,-76.98244902,401523.22,132849.11,,50746,8,ANC 8A,8A04,SEVENTH,701,Cluster 28,,,2026/04/03 08:30:26+00,{4E8BF186-F43E-6B09-E063-782F520A8A93},393123375
,2200 Flagler Pl NW Washington DC 20001 ,Daren Dean,,,,,2200 FLAGLER PL NW ,WASHINGTON DC 20001,DK Dean,930824000002,Y,Grocery Store,DK Dean,,,,2027/11/30 05:00:00+00,2023/12/04 05:00:00+00,2023/12/01 05:00:00+00,Public Health Food Establish,9101,Active,,WASHINGTON,DC,20001,551010446,38.91930303,-77.01378914,398804.2,139048.15,,227889,5,ANC 5E,5E05,THIRD,306,Cluster 21,,,2026/04/03 08:30:23+00,{4E8BF186-A70E-6B09-E063-782F520A8A93},393103615
,2201 MINNESOTA AVENU WASHINGTION DC 20020 ,Adanech Gebremeskel,,,,,2201 MINNESOTA AVE SE ,WASHINGTON DC 20020,24 7 BEST CONVENIENCE Inc.,930826000014,Y,Grocery Store,24 7 BEST CONVENIENCE Inc.,,,,2028/03/31 04:00:00+00,2026/03/25 04:00:00+00,2026/03/25 04:00:00+00,Public Health Food Establish,4003,Active,,WASHINGTON,DC,20020,551005203,38.87131878,-76.97461337,402203.02,133721.77,,50557,8,ANC 8A,8A03,SIXTH,607,Cluster 34,,,2026/04/03 08:30:23+00,{4E8BF186-9565-6B09-E063-782F520A8A93},393099094
,2216 MARTIN LUTHER K WASHINGTON DC 20020 ,,BETELHEM,GESESSE,,,2216 MARTIN LUTHER KING J AVE SE ,WASHINGTON DC 20020,BETTESFA INCORPORATED,930815000022,Y,Grocery Store,BETTESFA INCORPORATED,,,,2027/06/30 04:00:00+00,2025/06/24 04:00:00+00,2025/06/01 04:00:00+00,Public Health Food Establish,4103,Active,2023522585,WASHINGTON,DC,20020,551039115,38.86425442,-76.98983826,400881.91,132937.28,,50310,8,ANC 8A,8A06,SEVENTH,701,Cluster 28,Anacostia BID,,2026/04/03 08:30:26+00,{4E8BF189-82AD-6B09-E063-782F520A8A93},393290910
,225 7th STREET S.E. WASHINGTON DC 20003 ,,MARIA M.,CANALES,,2025723133,225 7TH ST SE ,WASHINGTON DC 20003,CANALES INC.,39401936,Y,Grocery Store,CANALES INC.,,,,2027/08/31 04:00:00+00,2025/07/08 04:00:00+00,2025/09/01 04:00:00+00,Public Health Food Establish,9308,Active,2025476480,WASHINGTON,DC,20003,550967598,38.88641312,-76.99646843,400306.4,135397.02,,300829,6,ANC 6B,6B02,FIRST,107,Cluster 26,Capitol Hill BID,,2026/04/03 08:30:19+00,{4E8BF186-1689-6B09-E063-782F520A8A93},393066618
,225 7TH STREET S.E. WASHINGTON DC 20003 ,,SUSAN,MENDOZA,,2029999999,225 7TH ST SE ,WASHINGTON DC 20003,MARKET POULTRY LLC.,930818000004,Y,Grocery Store,MARKET POULTRY LLC.,,,,2027/10/31 04:00:00+00,2025/10/15 04:00:00+00,2025/11/01 04:00:00+00,Public Health Food Establish,9308,Active,7039818593,WASHINGTON,DC,20003,550999380,38.88641312,-76.99646843,400306.4,135397.02,,300829,6,ANC 6B,6B02,FIRST,107,Cluster 26,Capitol Hill BID,,2026/04/03 08:30:22+00,{4E8BF186-8339-6B09-E063-782F520A8A93},393094442
,2283 Savannah St SE Washington DC 20020 ,"ACE CORPORATE SERVICES, INC.",,,,,2283 SAVANNAH ST SE ,WASHINGTON DC 20020,Gmichael,930823000013,Y,Grocery Store,Gmichael,,,,2027/02/28 05:00:00+00,2025/02/10 05:00:00+00,2025/03/01 05:00:00+00,Public Health Food Establish,4003,Active,,WASHINGTON,DC,20020,551039026,38.84758575,-76.97132106,402489.55,131087.28,,302047,8,ANC 8E,8E01,SEVENTH,704,Cluster 38,,,2026/04/03 08:30:26+00,{4E8BF187-086C-6B09-E063-782F520A8A93},393128541
,2310 Rhode Island Av Washington DC 20018 ,Tesfaye Dumessa,,,,,2310 RHODE ISLAND AVE NE ,WASHINGTON DC 20018,Abaye,930825000004,Y,Grocery Store,Abaye,,,,2026/08/31 04:00:00+00,2024/10/23 04:00:00+00,2024/09/01 04:00:00+00,Public Health Food Establish,9308,Active,,WASHINGTON,DC,20018,550999393,38.9308423,-76.97311178,402331.38,140329.36,,48736,5,ANC 5B,5B06,FIFTH,503,Cluster 22,,,2026/04/03 08:30:22+00,{4E8BF186-8345-6B09-E063-782F520A8A93},393094454
,233 UPSHUR ST NW WASHINGTON DC 20011 ,ADDIS MELEKU,,,,,233 UPSHUR ST NW ,WASHINGTON DC 20011,Addis Feleke,930823000009,Y,Grocery Store,Addis Feleke,,,,2027/01/31 05:00:00+00,2025/03/14 04:00:00+00,2025/02/01 05:00:00+00,Public Health Food Establish,9305,Active,,WASHINGTON,DC,20011,551037166,38.94235485,-77.01522326,398680.26,141607.12,,244365,4,ANC 4C,4C06,FOURTH,407,Cluster 18,,,2026/04/03 08:30:26+00,{4E8BF187-02A2-6B09-E063-782F520A8A93},393127059
,2339 PENNSYLVANIA AV WASHINGTON DC 20020 ,ALEMTSEHAYE TESFAYE,,,,,2339 PENNSYLVANIA AVE SE ,WASHINGTON DC 20020,YODIT,930822000008,Y,Grocery Store,YODIT,,,,2027/12/31 05:00:00+00,2025/12/12 05:00:00+00,2025/12/12 05:00:00+00,Public Health Food Establish,9101,Active,,WASHINGTON,DC,20020,551005019,38.87364319,-76.97186915,402441.08,133979.83,,48335,7,ANC 7B,7B01,SIXTH,607,Cluster 34,,,2026/04/03 08:30:23+00,{4E8BF186-9622-6B09-E063-782F520A8A93},393099283
,2411 37th Street N.W Washington DC 20007 ,Mohammed Kemal,,,,,2411 37TH ST NW ,WASHINGTON DC 20007,SMART SHOP L.L.C.,930825000043,Y,Grocery Store,SMART SHOP L.L.C.,,,,2027/08/31 04:00:00+00,2025/08/20 04:00:00+00,2025/08/20 04:00:00+00,Public Health Food Establish,9308,Active,,WASHINGTON,DC,20007,551003295,38.92148206,-77.07288648,393679.45,139292.51,,284384,3,ANC 3B,3B02,SECOND,204,Cluster 14,,,2026/04/03 08:30:23+00,{4E8BF186-9063-6B09-E063-782F520A8A93},393097812
,"250 11th Street, N.E Washington DC 20002 ","ACE CORPORATE SERVICES, INC.",,,,,250 11TH ST NE ,WASHINGTON DC 20002,Root Retail,930824000004,Y,Grocery Store,Root Retail,,,,2027/11/30 05:00:00+00,2025/11/04 05:00:00+00,2025/12/01 05:00:00+00,Public Health Food Establish,4103,Active,,WASHINGTON,DC,20002,551039126,38.89344284,-76.99179591,400711.72,136177.4,,46670,6,ANC 6A,6A07,FIRST,108,Cluster 25,,,2026/04/03 08:30:26+00,{4E8BF187-09E7-6B09-E063-782F520A8A93},393128920
,2616 CONNECTICUT AVE WASHINGTON DC DC 20008 ,DISTRICT REGISTERED AGENT SERVICES INC.,,,,,2616 CONNECTICUT AVE NW ,WASHINGTON DC 20008,AMKO INTERNATIONAL 1,930825000013,Y,Grocery Store,AMKO INTERNATIONAL 1,,,,2026/12/31 05:00:00+00,2025/01/28 05:00:00+00,2025/01/01 05:00:00+00,Public Health Food Establish,9308,Active,,WASHINGTON,DC,20008,551011346,38.92413521,-77.05227614,395466.9,139585.77,,219092,3,ANC 3C,3C02,SECOND,204,Cluster 15,,,2026/04/03 08:30:23+00,{4E8BF186-AB34-6B09-E063-782F520A8A93},393104677
,2617 P ST NW WASHINGTON DC 20007 ,"INCORP SERVICES, INC.",,,,,2617 P ST NW ,"Washington, DC,  20007",PST GROCERY INC,930823000020,N,Grocery Store,PST GROCERY INC,,,,2027/03/31 04:00:00+00,2025/06/12 04:00:00+00,2025/04/01 04:00:00+00,Public Health Food Establish,9308,Active,,"WASHINGTON, D",,20007,551003282,38.90952751,-77.05533788,395200.42,137964.35,,275887,2,ANC 2E,2E06,SECOND,206,Cluster 4,,,2026/04/03 08:30:23+00,{4E8BF189-6895-6B09-E063-782F520A8A93},393284230
,2624 GEORGIA AVENUE  WASHINGTON DC 20010 ,AIDA A LEON,,,,,2624 GEORGIA AVE NW ,WASHINGTON DC 20001,LEON 1,930823000008,Y,Grocery Store,LEON 1,,,,2027/01/31 05:00:00+00,2025/02/06 05:00:00+00,2025/02/01 05:00:00+00,Public Health Food Establish,9101,Active,,WASHINGTON,DC,20001,551005020,38.92490038,-77.02294289,398010.54,139669.7,,232389,1,ANC 1E,1E06,THIRD,304,Cluster 2,,,2026/04/03 08:30:23+00,{4E8BF186-9623-6B09-E063-782F520A8A93},393099284
,2647 Connecticut Ave Washington DC 20008 ,SEYOUM  ABEBE,,,,,2647 CONNECTICUT AVE NW ,"Washington, DC,   20008","MANHATTAN MARKET,",930823000029,N,Grocery Store,"MANHATTAN MARKET,",,,,2027/04/30 04:00:00+00,2025/04/11 04:00:00+00,2025/05/01 04:00:00+00,Public Health Food Establish,4103,Active,,WASHINGTON,,20008,551006643,38.92488467,-77.05199842,395491.03,139668.99,,284449,3,ANC 3C,3C01,SECOND,204,Cluster 15,,,2026/04/03 08:30:23+00,{4E8BF186-9A2D-6B09-E063-782F520A8A93},393100318
,2701 14TH ST NW WASHINGTON DC 20009 ,Alelayehu Melka,,,,,2701 14TH ST ,WASHINGTON DC 20009,LALA,930825000028,Y,Grocery Store,LALA,,,,2027/04/30 04:00:00+00,2025/05/07 04:00:00+00,2025/05/01 04:00:00+00,Public Health Food Establish,4003,Active,,WASHINGTON,DC,20009,551005200,38.92502379,-77.03205305,397220.57,139683.6,,231633,1,ANC 1A,1A09,THIRD,304,Cluster 2,,,2026/04/03 08:30:23+00,{4E8BF186-9562-6B09-E063-782F520A8A93},393099091
,2701 14TH ST NW WASHINGTON DC 20009 ,,NEJAT,ALI,,,2701 14TH ST NW ,WASHINGTON DC 20009,UPTOWN MART LLC,930813000038,Y,Grocery Store,UPTOWN MART LLC,,,,2027/08/31 04:00:00+00,2025/08/11 04:00:00+00,2025/08/01 04:00:00+00,Public Health Food Establish,4003,Active,2404860337,WASHINGTON,DC,20009,551039023,38.92502379,-77.03205305,397220.57,139683.6,,231633,1,ANC 1A,1A09,THIRD,304,Cluster 2,,,2026/04/03 08:30:26+00,{4E8BF187-0869-6B09-E063-782F520A8A93},393128538
SUITE #A,2703 12th STREET N.E WASHINGTON DC 20018 ,"INCORP SERVICES, INC.",,,,702-866-2500,2703 12TH ST NE ,WASHINGTON DC 20018,SALUMERIA 2703 LLC.,930816000015,Y,Grocery Store,SALUMERIA 2703 LLC.,,,,2028/04/30 04:00:00+00,2026/02/06 05:00:00+00,2026/05/01 04:00:00+00,Public Health Food Establish,9305,Active,4154253583,WASHINGTON,DC,20018,550998036,38.92461963,-76.99015694,400853.53,139638.33,,45444,5,ANC 5B,5B03,FIFTH,504,Cluster 22,,,2026/04/03 08:30:22+00,{4E8BF186-7EB7-6B09-E063-782F520A8A93},393093288
,2723 7th STREET N.E. WASHINGTON DC 20017 ,RSL AGENTS INC.,,,,2026691132,2723 7TH ST NE ,WASHINGTON DC 20017,BT&G INC.,930815000023,Y,Grocery Store,BT&G INC.,,,,2028/01/31 05:00:00+00,2026/01/29 05:00:00+00,2026/01/29 05:00:00+00,Public Health Food Establish,4003,Active,2026363803,WASHINGTON,DC,20017,551004074,38.92541106,-76.99592575,400353.29,139726.11,,45060,5,ANC 5F,5F03,FIFTH,502,Cluster 21,,,2026/04/03 08:30:23+00,{4E8BF186-9262-6B09-E063-782F520A8A93},393098323
,2743 MARTIN LUTHER K WASHINGTON DC 20032 ,RASHEL HOSSAIN,,,,,2743 MARTIN LUTHER KING J AVE SE ,WASHINGTON DC 20032,WONDER MART CONVENIENCE,930822000012,Y,Grocery Store,WONDER MART CONVENIENCE,Rashel,Hossain,,2028/02/28 05:00:00+00,2026/01/14 05:00:00+00,2026/03/01 05:00:00+00,Public Health Food Establish,4003,Active,,WASHINGTON,DC,20032,551033147,38.84693331,-76.9964129,400311.39,131014.47,,44998,8,ANC 8C,8C01,SEVENTH,707,Cluster 39,Soul of the City BID,,2026/04/03 08:30:26+00,{4E8BF186-F441-6B09-E063-782F520A8A93},393123378
,2815 7th ST NE WASHINGTON DC 20017 ,KEFELA BERHANE,,,,,2815 7TH ST NE ,WASHINGTON DC 20017,BMT ENTERPRISE,930824000021,Y,Grocery Store,BMT ENTERPRISE,,,,2026/08/31 04:00:00+00,2024/09/04 04:00:00+00,2024/09/01 04:00:00+00,Public Health Food Establish,9306,Active,,WASHINGTON,DC,20017,550999362,38.92612334,-76.9958684,400358.26,139805.18,,44401,5,ANC 5F,5F02,FIFTH,502,Cluster 21,,,2026/04/03 08:30:22+00,{4E8BF186-81C9-6B09-E063-782F520A8A93},393094074
,2820 GEORGIA AVENUE  WASHINGTON DC 20001 ,,GEDION,KEBEDE,G,2022770333,2820 GEORGIA AVE NW ,WASHINGTON DC 20001,727 INC.,67006300,Y,Grocery Store,727 INC.,,,,2027/10/31 04:00:00+00,2025/08/15 04:00:00+00,2025/10/01 04:00:00+00,Public Health Food Establish,9308,Active,2022656881,WASHINGTON,DC,20001,550971676,38.92670856,-77.02314886,397992.73,139870.39,,232553,1,ANC 1E,1E05,THIRD,304,Cluster 2,,,2026/04/03 08:30:20+00,{4E8BF186-2471-6B09-E063-782F520A8A93},393070178
,2921 GEORGIA AVENUE  WASHINGTON DC 20001 ,Sajid Shah,,,,,2921 GEORGIA AVE NW ,WASHINGTON DC 20001,Anania Market,930823000016,Y,Grocery Store,Anania Market,,,,2027/02/28 05:00:00+00,2025/03/26 04:00:00+00,2025/03/01 05:00:00+00,Public Health Food Establish,9101,Active,,WASHINGTON,DC,20001,551036470,38.9280143,-77.02274749,398027.57,140015.33,,237922,1,ANC 1E,1E04,THIRD,306,Cluster 2,,,2026/04/03 08:30:26+00,{4E8BF187-00DD-6B09-E063-782F520A8A93},393126606
,2924 MINNESOTA AVENU WASHINGTON DC 20019 ,"ACE CORPORATE SERVICES, INC.",,,,,2924 MINNESOTA AVE SE ,WASHINGTON DC 20019,2924 Minnesota Ventures Inc.,930826000003,Y,Grocery Store,2924 Minnesota Ventures Inc.,,,,2027/10/31 04:00:00+00,2025/10/14 04:00:00+00,2025/10/14 04:00:00+00,Public Health Food Establish,9101,Active,,WASHINGTON,DC,20019,551036474,38.87636299,-76.96536591,403005.29,134281.98,,287329,7,ANC 7B,7B01,SIXTH,605,Cluster 34,,,2026/04/03 08:30:26+00,{4E8BF189-57FD-6B09-E063-782F520A8A93},393279982
,4039 Clay Place NE Washington DC 20019 ,Tuyatsetseg Metz,,,,,3008 Q ST NW ,WASHINGTON DC 20007,T&U,930823000012,Y,Grocery Store,T&U,,,,2027/01/31 05:00:00+00,2025/01/23 05:00:00+00,2025/02/01 05:00:00+00,Public Health Food Establish,9308,Active,,WASHINGTON,DC,20007,550967616,38.91035468,-77.0596779,394824.06,138056.41,,223842,2,ANC 2E,2E06,SECOND,206,Cluster 4,,,2026/04/03 08:30:19+00,{4E8BF186-1698-6B09-E063-782F520A8A93},393066633
,3011 MARTIN LUTHER K WASHINGTON DC 20032 ,ADANECH GEBREMESKEL,,,,,3011 MARTIN LUTHER KING J AVE SE ,WASHINGTON DC 20032,BAHRUESPRESSO,930823000015,Y,Grocery Store,BAHRUESPRESSO,,,,2028/03/31 04:00:00+00,2026/03/06 05:00:00+00,2026/03/06 05:00:00+00,Public Health Food Establish,9306,Active,,WASHINGTON,DC,20032,551037222,38.84444552,-76.99834089,400144.03,130738.34,,301041,8,ANC 8C,8C04,SEVENTH,707,Cluster 39,Soul of the City BID,,2026/04/03 08:30:26+00,{4E8BF187-022D-6B09-E063-782F520A8A93},393126942
,3021 GEORGIA AVENUE  WASHINGTON DC 20001 ,RIYAD MOHAMMED,,,,,3021 GEORGIA AVE NW ,WASHINGTON DC 20001,RKMM,930823000014,Y,Grocery Store,RKMM,,,,2027/02/28 05:00:00+00,2025/02/28 05:00:00+00,2025/03/01 05:00:00+00,Public Health Food Establish,4103,Active,,WASHINGTON,DC,20001,551039122,38.92882898,-77.02292985,398011.78,140105.77,,229488,1,ANC 1E,1E04,FOURTH,409,Cluster 2,,,2026/04/03 08:30:26+00,{4E8BF187-09E3-6B09-E063-782F520A8A93},393128916
,3146 MT PLEASANT ST  WASHINGTON DC 20010 ,"INCORP SERVICES, INC.",,,,,3146 MOUNT PLEASANT ST NW ,WASHINGTON DC 20010,MT Pleasant St,930825000012,Y,Grocery Store,MT Pleasant St,,,,2026/12/31 05:00:00+00,2025/01/16 05:00:00+00,2025/01/01 05:00:00+00,Public Health Food Establish,9308,Active,,WASHINGTON,DC,20010,551003288,38.93009472,-77.0381381,396693.15,140246.72,,236468,1,ANC 1D,1D04,THIRD,302,Cluster 2,,,2026/04/03 08:30:23+00,{4E8BF186-905F-6B09-E063-782F520A8A93},393097808
,3170 MOUNT PLEASANT  WASHINGTON DC 20010 ,,JEE,PARK,H,2023740388,3170 MOUNT PLEASANT ST NW ,WASHINGTON DC 20010,"MYUNGJOON, INC",67000158,Y,Grocery Store,"MYUNGJOON, INC",,,,2026/12/31 05:00:00+00,2025/01/15 05:00:00+00,2025/01/01 05:00:00+00,Public Health Food Establish,9308,Active,2023328440,WASHINGTON,DC,20010,550971675,38.93054356,-77.03828746,396680.22,140296.55,,236464,1,ANC 1D,1D04,THIRD,302,Cluster 2,,,2026/04/03 08:30:20+00,{4E8BF189-8F5F-6B09-E063-782F520A8A93},393294160
,250 E STREET S.W. WASHINGTON DC 20024 ,ANDREW REESE DEPUTY DIR DDS/RSA,,,,2024428411,320 21ST ST NW ,WASHINGTON DC 20451,DDS/RSA RANDOLP-SHEPPARD VENDING FACILITIES PROGRAM (RSVFP),930813000021,Y,Grocery Store,DDS/RSA RANDOLP-SHEPPARD VENDING FACILITIES PROGRAM (RSVFP),,,,2027/01/31 05:00:00+00,2025/06/12 04:00:00+00,2025/02/01 05:00:00+00,Public Health Food Establish,4103,Active,2024428469,WASHINGTON,DC,20451,551032859,38.89480937,-77.04737789,395889.96,136330.13,,302265,2,ANC 2A,2A01,SECOND,207,Cluster 45,,,2026/04/03 08:30:25+00,{4E8BF186-F4A6-6B09-E063-782F520A8A93},393123479
,"321 T Street, N.E. Washington DC 20002 ",PROFESSIONAL CORPORATION SERVICE INC.,,,,,321 T ST NE ,WASHINGTON DC 20002,BETU,930824000008,Y,Grocery Store,BETU,,,,2028/01/31 05:00:00+00,2025/12/23 05:00:00+00,2025/02/01 05:00:00+00,Public Health Food Establish,9308,Active,,WASHINGTON,DC,20002,550999391,38.91530216,-77.00099498,399913.71,138603.93,,38666,5,ANC 5F,5F05,FIFTH,502,Cluster 21,,,2026/04/03 08:30:22+00,{4E8BF186-8344-6B09-E063-782F520A8A93},393094453
,328 Kentucky Ave SE Washington DC 20003 ,AIDA LEON,,,,,328 KENTUCKY AVE SE ,WASHINGTON DC 20003,TISYOOO 1,930826000007,Y,Grocery Store,TISYOOO 1,,,,2029/11/30 05:00:00+00,2025/11/18 05:00:00+00,2025/11/18 05:00:00+00,Public Health Food Establish,9101,Active,,WASHINGTON,DC,20003,551005031,38.88469065,-76.98570926,401239.9,135205.94,,37409,6,ANC 6B,6B07,FIRST,107,Cluster 26,,,2026/04/03 08:30:23+00,{4E8BF186-962D-6B09-E063-782F520A8A93},393099294
,3301 11th Street NW Washington DC 20010 ,,JESSICA,WOODS,,,3301 11TH ST NW ,Washington DC 20010,"Eleventh House, LLC",930817000003,Y,Grocery Store,"Eleventh House, LLC",,,,2026/10/31 04:00:00+00,2024/08/05 04:00:00+00,2024/11/01 04:00:00+00,Public Health Food Establish,9305,Active,,WASHINGTON,DC,20010,551008469,38.9309,-77.027847,397585.49,140335.79,,218169,1,ANC 1A,1A06,THIRD,302,Cluster 2,,,2026/04/03 08:30:23+00,{4E8BF186-A045-6B09-E063-782F520A8A93},393101878
,3306 GEORGIA  AVENUE WASHINGTON DC 20010 ,,MULU,ARGAW,,,3306 GEORGIA AVE NW ,WASHINGTON DC 20010,MEG&AN LLC,930821000020,Y,Grocery Store,MEG&AN LLC,,,,2027/08/31 04:00:00+00,2025/07/22 04:00:00+00,2025/09/01 04:00:00+00,Public Health Food Establish,9101,Active,,WASHINGTON,DC,20010,551036469,38.93128176,-77.02380993,397935.54,140378.07,,233025,1,ANC 1E,1E03,FOURTH,409,Cluster 2,,,2026/04/03 08:30:26+00,{4E8BF187-00DC-6B09-E063-782F520A8A93},393126605
,3308 GEORGIA AVENUE  WASHINGTION DC 20010 ,ADANECH GEBREMESKEL,,,,,3308 GEORGIA AVE NW ,WASHINGTON DC 20010,GEZALA,930825000039,Y,Grocery Store,GEZALA,,,,2027/07/31 04:00:00+00,2025/07/23 04:00:00+00,2025/07/23 04:00:00+00,Public Health Food Establish,4003,Active,,WASHINGTON,DC,20010,551039028,38.93131617,-77.02382206,397934.49,140381.89,,233024,1,ANC 1E,1E03,FOURTH,409,Cluster 2,,,2026/04/03 08:30:26+00,{4E8BF187-086E-6B09-E063-782F520A8A93},393128543
,3412 Georgia Ave NW Washington DC 20010 ,"2118 14TH STREET, INC",,,,,3412 GEORGIA AVE NW ,WASHINGTON DC 20010,FLORES L,930820000010,Y,Grocery Store,FLORES L,,,,2028/05/31 04:00:00+00,2024/05/07 04:00:00+00,2024/06/01 04:00:00+00,Public Health Food Establish,4003,Active,,WASHINGTON,DC,20010,551033145,38.93239703,-77.02405216,397914.57,140501.88,,284667,1,ANC 1E,1E03,FOURTH,409,Cluster 2,,,2026/04/03 08:30:26+00,{4E8BF189-9063-6B09-E063-782F520A8A93},393294420
#9686,4005 Wisconsin Avenu Washington DC 20016 ,FERTARI NETSUZIY,,,,,3501 GEORGIA AVE NW ,WASHINGTON DC 20010,"MULTIFARIOUS PUBLICA UXR,",930825000001,Y,Grocery Store,"MULTIFARIOUS PUBLICA UXR,",,,,2026/09/30 04:00:00+00,2024/10/11 04:00:00+00,2024/10/01 04:00:00+00,Public Health Food Establish,9305,Active,,WASHINGTON,DC,20010,550971606,38.93300257,-77.02358999,397954.66,140569.09,,228776,1,ANC 1E,1E02,FOURTH,409,Cluster 2,,,2026/04/03 08:30:20+00,{4E8BF189-99B7-6B09-E063-782F520A8A93},393296808
,3509 WHEELER RD SE  WASHINGTON DC 20032 ,PROFESSIONAL CORPORATION SERVICE INC,BERNARD,DIETZ,C,2025488000,3509 WHEELER RD SE ,WASHINGTON DC 20032,RAM SERVICES INC,70109821,Y,Grocery Store,RAM SERVICES INC,,,,2012/11/30 05:00:00+00,2014/08/19 04:00:00+00,2010/12/01 05:00:00+00,Public Health Food Establish,9308,Active,2025610600,WASHINGTON,DC,20032,550959015,38.8391882,-76.9939661,400523.85,130154.72,,147495,8,ANC 8C,8C07,SEVENTH,705,Cluster 39,Soul of the City BID,,2026/04/03 08:30:19+00,{4E8BF185-F85D-6B09-E063-782F520A8A93},393058894
,3509 WHEELER ROAD S. WASHINGTON DC 20032 ,PROFESSIONAL CORPORATION SERVICE INC.,BERNARD,DIETZ,,2025488000,3509 WHEELER RD SE ,WASHINGTON DC 20032,SHGER L.L.C.,930815000007,Y,Grocery Store,SHGER L.L.C.,,,,2026/11/30 05:00:00+00,2024/11/19 05:00:00+00,2024/12/01 05:00:00+00,Public Health Food Establish,4003,Active,2024467801,WASHINGTON,DC,20032,551033142,38.8391882,-76.9939661,400523.85,130154.72,,147495,8,ANC 8C,8C07,SEVENTH,705,Cluster 39,Soul of the City BID,,2026/04/03 08:30:26+00,{4E8BF186-F43D-6B09-E063-782F520A8A93},393123374
,3653 GEORGIA AVENUE  WASHINGTON DC 20011 ,Abdulkadir,,,,,3653 GEORGIA AVE NW ,WASHINGTON DC 20010,Shishi US LLC,930822000026,Y,Grocery Store,Shishi US LLC,,,,2026/08/31 04:00:00+00,2024/12/20 05:00:00+00,2024/09/01 04:00:00+00,Public Health Food Establish,4003,Active,,WASHINGTON,DC,20010,551039025,38.93599397,-77.02398083,397920.86,140901.17,,284774,1,ANC 1E,1E01,FOURTH,409,Cluster 2,,,2026/04/03 08:30:26+00,{4E8BF187-086B-6B09-E063-782F520A8A93},393128540
,3728 MINNESOTA AVE N WASHINGTON DC 20019 ,MOHAMMAD SARKER,,,,,3728 MINNESOTA AVE NE ,WASHINGTON DC 20019,BEST FOOD MARKET,930826000001,Y,Grocery Store,BEST FOOD MARKET,,,,2027/10/31 04:00:00+00,2025/10/02 04:00:00+00,2025/10/02 04:00:00+00,Public Health Food Establish,4003,Active,,WASHINGTON,DC,20019,551033149,38.89110904,-76.95248659,404122.01,135919.37,,31128,7,ANC 7F,7F02,SIXTH,603,Cluster 32,,,2026/04/03 08:30:26+00,{4E8BF186-F443-6B09-E063-782F520A8A93},393123380
,3736 10TH ST NE WASHINGTON DC 20017 ,ADANECH GEBREMESKEL,,,,,3736 10TH ST NE ,WASHINGTON DC 20017,BROOKLAND TG,930825000006,Y,Grocery Store,BROOKLAND TG,,,,2026/10/31 04:00:00+00,2024/11/18 05:00:00+00,2024/11/01 04:00:00+00,Public Health Food Establish,4103,Active,,WASHINGTON,DC,20017,551006646,38.93646518,-76.99390204,400528.69,140953.26,,156309,5,ANC 5B,5B05,FOURTH,405,Cluster 20,,,2026/04/03 08:30:23+00,{4E8BF186-9A30-6B09-E063-782F520A8A93},393100321
,3923 SOUTH CAPITOL S WASHINGTION DC 20032 ,,ADANECH,GEBREMESKEL,,,3923 SOUTH CAPITOL ST SW ,WASHINGTON DC 20032,DMV DC MINI MART LLC,930825000046,Y,Grocery Store,DMV DC MINI MART LLC,,,,2027/09/30 04:00:00+00,2025/09/22 04:00:00+00,2025/09/22 04:00:00+00,Public Health Food Establish,4003,Active,3018446910,WASHINGTON,DC,20032,551039030,38.83199479,-77.00857595,399255.38,129356.22,,276603,8,ANC 8D,8D01,SEVENTH,708,Cluster 39,Soul of the City BID,,2026/04/03 08:30:26+00,{4E8BF187-0870-6B09-E063-782F520A8A93},393128545
,4003 GAULT PLACE NE WASHINGTON DC 20019 ,TSION ABAY,,,,,4003 GAULT PL NE ,WASHINGTON DC 20019,GAULT MARKET INC,930822000021,Y,Grocery Store,GAULT MARKET INC,,,,2026/07/31 04:00:00+00,2024/07/01 04:00:00+00,2024/08/01 04:00:00+00,Public Health Food Establish,9308,Active,,WASHINGTON,DC,20019,551002141,38.89890858,-76.94586316,404696.11,136785.5,,28219,7,ANC 7C,7C09,SIXTH,602,Cluster 30,,,2026/04/03 08:30:23+00,{4E8BF186-8B1F-6B09-E063-782F520A8A93},393096464
,405 61st STREET NE WASHINGTON DC 20019 ,PROFESSIONAL CORPORATION SERVICE INC.,,,,,405 61ST ST NE ,WASHINGTON DC 20019-2842,SKIP'S LIQUORS,930823000018,Y,Grocery Store,SKIP'S LIQUORS,,,,2027/09/30 04:00:00+00,2025/09/26 04:00:00+00,2025/09/26 04:00:00+00,Public Health Food Establish,9101,Active,,WASHINGTON,DC,20019-2842,551010445,38.89489833,-76.91337977,407514.31,136342.54,,27321,7,ANC 7C,7C05,SIXTH,608,Cluster 31,,,2026/04/03 08:30:23+00,{4E8BF186-A70D-6B09-E063-782F520A8A93},393103614
,4053 MINNESTOTA AVE  WASHINGTON DC 20019 ,RASHEL HOSSAIN,,,,,4053 MINNESOTA AVE NE ,WASHINGTON DC 20019,DMV CONVENIENCE INC,930821000007,Y,Grocery Store,DMV CONVENIENCE INC,,,,2027/04/30 04:00:00+00,2025/09/17 04:00:00+00,2025/05/01 04:00:00+00,Public Health Food Establish,4003,Active,,WASHINGTON,DC,20019,551033146,38.8961634,-76.94752061,404552.51,136480.68,,288085,7,ANC 7F,7F01,SIXTH,602,Cluster 30,,,2026/04/03 08:30:26+00,{4E8BF186-F440-6B09-E063-782F520A8A93},393123377
,4133 WHEELER ROAD S. WASHINGTON DC 20032 ,,MULGGETA,WOLDEABZUI,,,4133 WHEELER RD SE ,WASHINGTON DC 20032,AKI & MULLER CORPORATION,930812000007,Y,Grocery Store,AKI & MULLER CORPORATION,,,,2027/12/31 05:00:00+00,2023/12/14 05:00:00+00,2024/01/01 05:00:00+00,Public Health Food Establish,9308,Active,2025610750,WASHINGTON,DC,20032,551002128,38.83355613,-76.99021453,400849.62,129529.55,,300965,8,ANC 8E,8E06,SEVENTH,706,Cluster 39,Soul of the City BID,,2026/04/03 08:30:23+00,{4E8BF186-8B15-6B09-E063-782F520A8A93},393096454
,4137 WHEELER RD SE WASHINGTON DC 20032 ,Mohammad Salim,,,,,4137 WHEELER RD SE ,WASHINGTON DC 20032,Wheeler Liquor & Grocery,930825000005,Y,Grocery Store,Wheeler Liquor & Grocery,,,,2026/10/31 04:00:00+00,2024/11/13 05:00:00+00,2024/11/01 04:00:00+00,Public Health Food Establish,9308,Active,,WASHINGTON,DC,20032,551011345,38.83341297,-76.99003603,400865.12,129513.66,,300967,8,ANC 8E,8E06,SEVENTH,706,Cluster 39,Soul of the City BID,,2026/04/03 08:30:23+00,{4E8BF186-AB33-6B09-E063-782F520A8A93},393104676
,415 RHODE ISLAND AVE WASHINGTON DC 20002 ,NEIGHBOURHOOD OF SMRET MARKET LLC,TESFOM,DEBESAI,,6464096731,415 RHODE ISLAND AVE NE ,WAS DC 20002,NEIGHBOURHOOD OF SMRET MARKET LLC,930816000030,Y,Grocery Store,NEIGHBOURHOOD OF SMRET MARKET LLC,,,,2026/07/31 04:00:00+00,2024/06/20 04:00:00+00,2024/08/01 04:00:00+00,Public Health Food Establish,9308,Active,6464096731,WAS,DC,20002,551037248,38.91964202,-76.99989034,400009.51,139085.69,,26073,5,ANC 5F,5F06,FIFTH,502,Cluster 21,,,2026/04/03 08:30:26+00,{4E8BF189-9C2A-6B09-E063-782F520A8A93},393297435
,4202 BENNING ROAD N. WASHINGTON DC 20019 ,,KIFFLOM T.,MELES,,2025252450,4202 BENNING RD NE ,WASHINGTON DC 20019,MENKEM LLC.,930818000001,Y,Grocery Store,MENKEM LLC.,,,,2027/09/30 04:00:00+00,2025/09/16 04:00:00+00,2025/10/01 04:00:00+00,Public Health Food Establish,9308,Active,3015126329,WASHINGTON,DC,20019,551002136,38.89311405,-76.9423133,405004.45,136142.45,,25566,7,ANC 7F,7F03,SIXTH,602,Cluster 30,,,2026/04/03 08:30:23+00,{4E8BF186-8B1B-6B09-E063-782F520A8A93},393096460
,421 East Capitol Str Washington DC 20003 ,,Jae,Lee,I,5712435756,421 EAST CAPITOL SE ,WASHINGTON DC 20003,,930825000021,Y,Grocery Store,,JAE,LEE,,2027/02/28 05:00:00+00,2025/03/24 04:00:00+00,2025/03/01 05:00:00+00,Public Health Food Establish,9308,Active,,WASHINGTON,DC,20003,550999394,38.88954773,-76.99972774,400023.62,135744.98,,25551,6,ANC 6B,6B02,FIRST,107,Cluster 26,Capitol Hill BID,,2026/04/03 08:30:22+00,{4E8BF186-8346-6B09-E063-782F520A8A93},393094455
,4239 9th St NW washington dc DC 20011 ,Justin  Heron,,,,,4239 9TH ST NW ,"Washington, DC,  20011",Bamboo Hut Cafe LLC.,930825000027,N,Grocery Store,Bamboo Hut Cafe LLC.,,,,2027/03/31 04:00:00+00,2025/05/01 04:00:00+00,2025/04/01 04:00:00+00,Public Health Food Establish,9308,Active,,"WASHINGTON, D",,20011,550971688,38.94272928,-77.0249224,397839.43,141648.87,,300862,4,ANC 4C,4C01,FOURTH,407,Cluster 18,,,2026/04/03 08:30:20+00,{4E8BF186-247B-6B09-E063-782F520A8A93},393070188
,4347 HUNT PL NE WASHINGTON DC 20019 ,AIDA A LEON,,,,,4347 HUNT PL NE ,WASHINGTON DC 20019,SUBURBAN LIQUORS 1 Inc.,930826000013,Y,Grocery Store,SUBURBAN LIQUORS 1 Inc.,,,,2028/03/31 04:00:00+00,2026/03/24 04:00:00+00,2026/03/24 04:00:00+00,Public Health Food Establish,9306,Active,,WASHINGTON,DC,20019,551037226,38.90031448,-76.93938899,405257.61,136941.92,,22805,7,ANC 7C,7C09,SIXTH,602,Cluster 30,,,2026/04/03 08:30:26+00,{4E8BF187-0230-6B09-E063-782F520A8A93},393126945
,4350 TEXAS AVENUE SE WASHINGTON DC 20019 ,,DEWIT,TEKTEBRHAN,,3017686978,4350 TEXAS AVE SE ,WASHINGTON DC 20019,TEXAS CONVENIENCE STORE INC,930814000022,Y,Grocery Store,TEXAS CONVENIENCE STORE INC,,,,2028/03/31 04:00:00+00,2026/03/04 05:00:00+00,2026/04/01 04:00:00+00,Public Health Food Establish,9101,Active,3018098094,WASHINGTON,DC,20019,551005013,38.88336457,-76.94216847,405017.7,135060.19,,22871,7,ANC 7F,7F05,SIXTH,603,Cluster 33,,,2026/04/03 08:30:23+00,{4E8BF186-961D-6B09-E063-782F520A8A93},393099278
,4401 NANNIE HELEN BU WASHINGTON DC 20019 ,,PATRICIA,SPENCER-NEAL,,(240) 550-4256,4401 NANNIE HELEN BURROUG AVE NE ,WASHINGTON DC 20019,JLAA INC.,930817000007,Y,Grocery Store,JLAA INC.,,,,2026/11/30 05:00:00+00,2024/12/30 05:00:00+00,2024/12/01 05:00:00+00,Public Health Food Establish,9308,Active,2405504256,WASHINGTON,DC,20019,551002133,38.90030776,-76.93893074,405297.36,136941.2,,288190,7,ANC 7C,7C09,SIXTH,602,Cluster 30,,,2026/04/03 08:30:23+00,{4E8BF186-8B19-6B09-E063-782F520A8A93},393096458
,4401 South Capitol S Washington DC 20032 ,Santia McLaurin,,,,,4401 SOUTH CAPITOL ST SW ,WASHINGTON DC 20032,DYD Trading,930823000004,Y,Grocery Store,DYD Trading,,,,2026/08/31 04:00:00+00,2022/11/30 05:00:00+00,2022/09/01 04:00:00+00,Public Health Food Establish,9308,Active,,WASHINGTON,DC,20032,550959027,38.82588624,-77.00763088,399337.38,128678.16,,299727,8,ANC 8D,8D06,SEVENTH,708,Cluster 39,,,2026/04/03 08:30:19+00,{4E8BF185-F867-6B09-E063-782F520A8A93},393058904
,4418 GEORGIA AVENUE  WASHINGTON DC 20011 ,,MEKEDES,ZELEKE,,2029999999,4418 GEORGIA AVE NW ,WASHINGTON DC 20011,EVE LLC.,930815000021,Y,Grocery Store,EVE LLC.,,,,2027/09/30 04:00:00+00,2025/09/29 04:00:00+00,2025/09/29 04:00:00+00,Public Health Food Establish,9308,Active,2024684231,WASHINGTON,DC,20011,550959019,38.94474401,-77.02653079,397700.06,141872.6,,252625,4,ANC 4C,4C01,FOURTH,404,Cluster 18,,,2026/04/03 08:30:19+00,{4E8BF185-F860-6B09-E063-782F520A8A93},393058897
,450 LAMONT STREET N. WASHINGTON DC 20010 ,PROFESSIONAL CORPORATION SERVICE INC.,,,,2025488000,450 LAMONT ST NW ,WASHINGTON DC 20010,LAMONT MARKET ASSOCIATES INC.,70104265,Y,Grocery Store,LAMONT MARKET ASSOCIATES INC.,,,,2028/04/30 04:00:00+00,2026/03/31 04:00:00+00,2026/05/01 04:00:00+00,Public Health Food Establish,9308,Active,2027265506,WASHINGTON,DC,20010,551009968,38.93113764,-77.01991292,398273.43,140361.99,,229099,1,ANC 1E,1E02,FOURTH,409,Cluster 2,,,2026/04/03 08:30:23+00,{4E8BF186-A691-6B09-E063-782F520A8A93},393103490
,4682 MLK JR AVENUE S WASHINGTON DC 20032 ,,SOLOMON,BELAY,,2022713239,4682 4684 MARTIN LUTHER KING J AVE SW ,WASHINGTON DC 20032,AKI MULLER & EYOB,930822000007,Y,Grocery Store,AKI MULLER & EYOB,,,,2029/10/31 04:00:00+00,2025/08/13 04:00:00+00,2025/10/01 04:00:00+00,Public Health Food Establish,4003,Active,,WASHINGTON,DC,20032,551004076,38.82112067,-77.0106495,399075.2,128149.14,,147083,8,ANC 8D,8D05,SEVENTH,708,Cluster 39,,,2026/04/03 08:30:23+00,{4E8BF186-9264-6B09-E063-782F520A8A93},393098325
,4748 SHERIFF RD NE WASHINGTON DC 20019 ,Adanech Gebremeskel,,,,,4748 SHERIFF RD NE ,WASHINGTON DC 20019,DEANWOOD TG,930825000007,Y,Grocery Store,DEANWOOD TG,,,,2026/10/31 04:00:00+00,2024/11/20 05:00:00+00,2024/11/01 04:00:00+00,Public Health Food Establish,9101,Active,,WASHINGTON,DC,20019,550996526,38.90307871,-76.93407963,405717.94,137249.09,,148953,7,ANC 7C,7C04,SIXTH,602,Cluster 31,,,2026/04/03 08:30:22+00,{4E8BF189-A011-6B09-E063-782F520A8A93},393298434
,4801 GEORGIA AVENUE  WASHINGTON DC 20011 ,2118 14TH STREET INC,,,,,4801 GEORGIA AVE NW ,WASHINGTON DC 20011,DGN INC,930825000038,Y,Grocery Store,DGN INC,,,,2027/07/31 04:00:00+00,2025/07/15 04:00:00+00,2025/07/15 04:00:00+00,Public Health Food Establish,9101,Active,,WASHINGTON,DC,20011,551005030,38.94841952,-77.02664291,397690.46,142280.58,,252033,4,ANC 4D,4D04,FOURTH,407,Cluster 18,,,2026/04/03 08:30:23+00,{4E8BF186-962C-6B09-E063-782F520A8A93},393099293
,4807 GEORGE AV NW WASHINGTON DC 20011 ,MOURICE GRANT,,,,,4807 GEORGIA AVE NW ,WASHINGTON DC 20011,M & V DC MEAT AND GROCERY,930822000025,Y,Grocery Store,M & V DC MEAT AND GROCERY,,,,2026/07/31 04:00:00+00,2024/09/03 04:00:00+00,2024/08/01 04:00:00+00,Public Health Food Establish,9308,Active,,WASHINGTON,DC,20011,550971684,38.9485939,-77.02671173,397684.5,142299.94,,252036,4,ANC 4D,4D04,FOURTH,407,Cluster 18,,,2026/04/03 08:30:20+00,{4E8BF186-2478-6B09-E063-782F520A8A93},393070185
,4817 GEORGIA AVENUE  WASHINGTON DC 20011 ,Adanech Gebremeskel,,,,,4817 GEORGIA AVE NW ,WASHINGTON DC 20011,ATNI,930825000040,Y,Grocery Store,ATNI,,,,2027/07/31 04:00:00+00,2025/07/24 04:00:00+00,2025/07/24 04:00:00+00,Public Health Food Establish,4003,Active,,WASHINGTON,DC,20011,551039029,38.94888072,-77.02672891,397683.02,142331.78,,252041,4,ANC 4D,4D04,FOURTH,407,Cluster 18,,,2026/04/03 08:30:26+00,{4E8BF187-086F-6B09-E063-782F520A8A93},393128544
,4845 MASSACHUSETTS A WASHINGTON DC 20016 ,,WILLIAM,"FUCHS, JR.",W,2023630777,4845 MASSACHUSETTS AVE NW ,WASHINGTON DC 20016,WAGSHAL'S MARKET L.L.C.,39507496,Y,Grocery Store,WAGSHAL'S MARKET L.L.C.,,,,2026/08/31 04:00:00+00,2024/08/27 04:00:00+00,2024/09/01 04:00:00+00,Public Health Food Establish,9308,Active,2023630777,WASHINGTON,DC,20016,550999371,38.94571376,-77.0957568,391699.01,141984.27,,284992,3,ANC 3E,3E06,SECOND,202,Cluster 11,,,2026/04/03 08:30:22+00,{4E8BF189-460F-6B09-E063-782F520A8A93},393275392
,4920 CENTRAL AVENUE  WASHINGTON DC 20019 ,,FIKREMARIAM,MENGESHA,E,(202) 723-1860,4920 CENTRAL AVE NE ,WASHINGTON DC 20019,"FIKRE MARKET, INC.",67000439,Y,Grocery Store,"FIKRE MARKET, INC.",,,,2027/08/31 04:00:00+00,2025/08/08 04:00:00+00,2025/08/01 04:00:00+00,Public Health Food Establish,9308,Active,2023984924,WASHINGTON,DC,20019,551037244,38.89062502,-76.93192263,405906.07,135866.77,,16223,7,ANC 7C,7C03,SIXTH,608,Cluster 33,,,2026/04/03 08:30:26+00,{4E8BF187-023E-6B09-E063-782F520A8A93},393126959
,4944 SOUTH DAKOTA AV WASHINGTON DC 20017 ,,ADANECH,GEBREMESKEL,,,4944 SOUTH DAKOTA AVE NE ,WASHINGTON DC 20017,NR 2 CONVENIENCE LLC,930825000025,Y,Grocery Store,NR 2 CONVENIENCE LLC,,,,2027/03/31 04:00:00+00,2025/04/14 04:00:00+00,2025/04/01 04:00:00+00,Public Health Food Establish,9101,Active,,WASHINGTON,DC,20017,551036472,38.9491566,-76.99290354,400615.15,142362.09,,288369,5,ANC 5A,5A08,FOURTH,405,Cluster 20,,,2026/04/03 08:30:26+00,{4E8BF186-FFBD-6B09-E063-782F520A8A93},393126318
,501 4TH ST SE WASHINGTON DC 20003 ,PROFESSIONAL CORPORATION SERVICE INC,,,,2029999999,501 4TH ST SE ,WASHINGTON DC 20003,DAE AH LLC,930818000019,Y,Grocery Store,DAE AH LLC,,,,2026/08/31 04:00:00+00,2024/08/27 04:00:00+00,2024/09/01 04:00:00+00,Public Health Food Establish,4103,Active,2025471336,WASHINGTON,DC,20003,550988775,38.8830826,-77.00082488,399928.43,135027.3,,15225,6,ANC 6B,6B01,FIRST,106,Cluster 26,,,2026/04/03 08:30:21+00,{4E8BF186-5D60-6B09-E063-782F520A8A93},393084753
,5010 NEW HAMPSHIRE A WASHINGTON DC 20011 ,S AND P REGISTERED AGENTS INC,PAUL,"PASCAL, ESQUIRE",,2025442200,5010 NEW HAMPSHIRE AVE NW ,WASHINGTON DC 20011,MHAT & DM LLC,930812000027,Y,Grocery Store,MHAT & DM LLC,,,,2026/08/31 04:00:00+00,2024/06/05 04:00:00+00,2024/09/01 04:00:00+00,Public Health Food Establish,4003,Active,2027261330,WASHINGTON,DC,20011,551039022,38.95140836,-77.01229849,398933.95,142612.14,,306154,4,ANC 4D,4D08,FOURTH,407,Cluster 19,,,2026/04/03 08:30:26+00,{4E8BF187-0868-6B09-E063-782F520A8A93},393128537
,5018 ROCK CREEK CHUR WASHINGTON DC 20011 ,,,,,,5018 ROCK CREEK CHURCH RD NE ,WASHINGTON DC 20011,,53005119,Y,Grocery Store,,CLINTON,PRICE,,2027/08/31 04:00:00+00,2025/07/23 04:00:00+00,2025/09/01 04:00:00+00,Public Health Food Establish,9308,Active,2407063708,WASHINGTON,DC,20011,550971673,38.95154122,-77.00829419,399281.05,142626.85,,302310,5,ANC 5A,5A07,FOURTH,405,Cluster 19,,,2026/04/03 08:30:20+00,{4E8BF186-246F-6B09-E063-782F520A8A93},393070176
,5018 ROCK CREEK CHUR WASHINGTON DC 20011 ,PRICES GROCERY,CLINTON,PRICE,,,5018 ROCK CREEK CHURCH RD NE ,WASHINGTON DC 20011,PRICES GROCERY,930826000012,Y,Grocery Store,PRICES GROCERY,CLINTON,PRICE,,2030/03/31 04:00:00+00,2026/03/17 04:00:00+00,2026/03/17 04:00:00+00,Public Health Food Establish,9308,Active,2407063708,WASHINGTON,DC,20011,550968853,38.95154122,-77.00829419,399281.05,142626.85,,302310,5,ANC 5A,5A07,FOURTH,405,Cluster 19,,,2026/04/03 08:30:19+00,{4E8BF186-1972-6B09-E063-782F520A8A93},393067363
,5026 BENNING RD SE Washington DC 20019 ,MOHAMMED H AHMED,,,,,5026 BENNING RD SE ,WASHINGTON DC 20019,DMV CONVENIENCE MART,930826000008,Y,Grocery Store,DMV CONVENIENCE MART,,,,2027/11/30 05:00:00+00,2025/11/24 05:00:00+00,2025/11/24 05:00:00+00,Public Health Food Establish,4103,Active,,WASHINGTON,DC,20019,551032868,38.87784662,-76.93079215,406005.22,134448.38,,14817,7,ANC 7E,7E02,SIXTH,604,Cluster 33,,,2026/04/03 08:30:25+00,{4E8BF186-F4AE-6B09-E063-782F520A8A93},393123487
,51 M ST NE WASHINGTON DC 20002 ,INCORP SERVICES INC,,,,,51 M ST NE ,WASHINGTON DC 20002,S&H 6 INC,930819000009,Y,Grocery Store,S&H 6 INC,,,,2026/11/30 05:00:00+00,2024/09/20 04:00:00+00,2024/12/01 05:00:00+00,Public Health Food Establish,9308,Active,9179405166,WASHINGTON,DC,20002,551037254,38.90545477,-77.00726885,399369.52,137510.85,,314143,6,ANC 6E,6E04,FIFTH,501,Cluster 25,NoMa BID,,2026/04/03 08:30:26+00,{4E8BF187-0246-6B09-E063-782F520A8A93},393126967
,3809 13TH ST NE WASHINGTON DC 20017 ,OLD CITY MAO LLC,CURT,HANSEN,,2025316118,522 1/2 K ST NE ,WASHINGTON DC 20002,OLD CITY MAO LLC,930817000001,Y,Grocery Store,OLD CITY MAO LLC,CURT,HANSEN,,2027/09/30 04:00:00+00,2025/09/09 04:00:00+00,2025/09/09 04:00:00+00,Public Health Food Establish,9308,Active,2025316118,WASHINGTON,DC,20002,550999377,38.90276561,-76.99866164,400116.09,137212.27,,308082,6,ANC 6C,6C01,FIFTH,501,Cluster 25,,,2026/04/03 08:30:22+00,{4E8BF186-8336-6B09-E063-782F520A8A93},393094439
,5302 GEORGIA AVENUE  WASHINGTON DC 20011 ,ADANECH GEBREMESKEL,,,,,5302 GEORGIA AVE ,WASHINGTON DC 20011,AIDA 202,930825000035,Y,Grocery Store,AIDA 202,,,,2027/05/31 04:00:00+00,2025/06/06 04:00:00+00,2025/06/01 04:00:00+00,Public Health Food Establish,9101,Active,,WASHINGTON,DC,20011,551036473,38.95426721,-77.02792558,397579.47,142929.76,,285152,4,ANC 4E,4E03,FOURTH,403,Cluster 18,,,2026/04/03 08:30:26+00,{4E8BF186-FFBE-6B09-E063-782F520A8A93},393126319
,5319 EAST CAPITOL ST Washington DC 20019 ,semagne wubneh,,,,,5319 EAST CAPITOL ST SE ,WASHINGTON DC 20019,JOHN LLC,930823000005,Y,Grocery Store,JOHN LLC,,,,2026/11/30 05:00:00+00,2024/09/24 04:00:00+00,2024/12/01 05:00:00+00,Public Health Food Establish,9308,Active,,WASHINGTON,DC,20019,551037260,38.88941161,-76.92530643,406480.17,135732.52,,288601,7,ANC 7C,7C08,SIXTH,604,Cluster 33,,,2026/04/03 08:30:26+00,{4E8BF187-024C-6B09-E063-782F520A8A93},393126973
NW,5331 Georgia ave. n. Washington DC 20011 ,SARA TESHOME,,,,,5331 GEORGIA AVE NW ,WASHINGTON DC 20011,HIWOT MARKET,930824000006,Y,Grocery Store,HIWOT MARKET,,,,2027/12/31 05:00:00+00,2024/01/31 05:00:00+00,2024/01/01 05:00:00+00,Public Health Food Establish,4103,Active,,WASHINGTON,DC,20011,551006644,38.95476872,-77.02757297,397610.05,142985.46,,254649,4,ANC 4D,4D03,FOURTH,403,Cluster 18,,,2026/04/03 08:30:23+00,{4E8BF186-9A2E-6B09-E063-782F520A8A93},393100319
,1369 New York Ave NE Washington DC 20002 ,Cullen Gilchrist,,,,,538 3RD ST NE ,WASHINGTON DC 20002,UK 3rd,930824000001,Y,Grocery Store,UK 3rd,,,,2027/10/31 04:00:00+00,2023/11/16 05:00:00+00,2023/11/01 04:00:00+00,Public Health Food Establish,9308,Active,,WASHINGTON,DC,20002,551011344,38.89719546,-77.00220952,399808.33,136593.94,,9536,6,ANC 6C,6C04,FIRST,104,Cluster 25,,,2026/04/03 08:30:23+00,{4E8BF189-5A71-6B09-E063-782F520A8A93},393280610
,539 8TH STREET NE WASHINGTON DC 20002 ,"CHRISTOPHER A TERAS, ESQUIRE",,,,2023281000,539 8TH ST NE ,WASHINGTON DC 20002,"MOCHI, INC.",66002012,Y,Grocery Store,"MOCHI, INC.",,,,2028/02/28 05:00:00+00,2026/01/22 05:00:00+00,2026/03/01 05:00:00+00,Public Health Food Establish,9308,Active,2025430488,WASHINGTON,DC,20002,550999373,38.89717158,-76.99471407,400458.54,136591.3,,295087,6,ANC 6A,6A03,FIRST,104,Cluster 25,,,2026/04/03 08:30:22+00,{4E8BF186-8334-6B09-E063-782F520A8A93},393094437
,5415 GEORGIA AVENUE  WASHINGTON DC 20011 ,DANIEL ADGEH,,,,,5415 GEORGIA AVE NW ,WASHINGTON DC 20011,yd progress,930824000009,Y,Grocery Store,yd progress,,,,2028/01/31 05:00:00+00,2026/01/23 05:00:00+00,2026/02/01 05:00:00+00,Public Health Food Establish,4003,Active,,WASHINGTON,DC,20011,551004079,38.9556751,-77.02769677,397599.35,143086.08,,254613,4,ANC 4D,4D03,FOURTH,403,Cluster 18,,,2026/04/03 08:30:23+00,{4E8BF186-9266-6B09-E063-782F520A8A93},393098327
,5421 GEORIGA AVENUE  WASHINGTON DC 20011 ,MEKONNEN ESHETE,,,,,5421 GEORGIA AVE NW ,WASHINGTON DC 20011,DAMOTE INC.,930823000030,Y,Grocery Store,DAMOTE INC.,,,,2027/07/31 04:00:00+00,2025/07/16 04:00:00+00,2025/08/01 04:00:00+00,Public Health Food Establish,4103,Active,,WASHINGTON,DC,20011,551032864,38.95582409,-77.02771206,397598.03,143102.62,,254615,4,ANC 4D,4D03,FOURTH,403,Cluster 18,,,2026/04/03 08:30:25+00,{4E8BF186-F4AA-6B09-E063-782F520A8A93},393123483
,5425 5th STREET N.W. WASHINGTON DC 20011 ,ADANECH GEBREMESKEL,,,,,5425 5TH ST NW ,WASHINGTON DC 20011,RNH CONVENIENCE LLC.,930826000004,Y,Grocery Store,RNH CONVENIENCE LLC.,,,,2027/10/31 04:00:00+00,2025/10/28 04:00:00+00,2025/10/28 04:00:00+00,Public Health Food Establish,4103,Active,,WASHINGTON,DC,20011,551032867,38.95608147,-77.01949059,398310.64,143130.97,,285198,4,ANC 4D,4D02,FOURTH,403,Cluster 18,,,2026/04/03 08:30:25+00,{4E8BF186-F4AD-6B09-E063-782F520A8A93},393123486
,5505 14th STREET N.W WASHINGTON DC 20011 ,,JOSE,HERNANDEZ,G,2022910500,5505 14TH ST NW ,WASHINGTON DC 20011,HERNANDEZ FAMILY INC.,66005861,Y,Grocery Store,HERNANDEZ FAMILY INC.,,,,2026/08/31 04:00:00+00,2024/08/29 04:00:00+00,2024/09/01 04:00:00+00,Public Health Food Establish,9308,Active,2022910500,WASHINGTON,DC,20011,551009967,38.95685526,-77.03319064,397123.21,143217.21,,254786,4,ANC 4E,4E01,FOURTH,403,Cluster 18,,,2026/04/03 08:30:23+00,{4E8BF186-A690-6B09-E063-782F520A8A93},393103489
,5575 CENTRAL AVENUE  WASHINGTON DC 20019 ,SHAIFUL ISLAM,,,,,5575 CENTRAL AVE SE ,WASHINGTON DC 20019,CENTRAL CONVENIENCE,930825000003,Y,Grocery Store,CENTRAL CONVENIENCE,,,,2026/09/30 04:00:00+00,2024/10/23 04:00:00+00,2024/10/01 04:00:00+00,Public Health Food Establish,4103,Active,,WASHINGTON,DC,20019,551039128,38.8856049,-76.91925276,407005.74,135310.43,,288678,7,ANC 7E,7E06,SIXTH,604,Cluster 33,,,2026/04/03 08:30:26+00,{4E8BF187-09E9-6B09-E063-782F520A8A93},393128922
,5579 CENTRAL AVENUE  WASHINGTON DC 20019 ,GENET Z BISHAW,,,,,5579 CENTRAL AVE SE ,WASHINGTON DC 20019,CENTRAL SPICE,930824000022,Y,Grocery Store,CENTRAL SPICE,,,,2026/08/31 04:00:00+00,2024/09/13 04:00:00+00,2024/09/01 04:00:00+00,Public Health Food Establish,4103,Active,,WASHINGTON,DC,20019,551039127,38.88558448,-76.91903875,407024.31,135308.18,,302125,7,ANC 7E,7E06,SIXTH,604,Cluster 33,,,2026/04/03 08:30:26+00,{4E8BF187-09E8-6B09-E063-782F520A8A93},393128921
,5608 Broad Branch Ro Washington DC 20015 ,TRACY  STANNARD,,,,,5608 BROAD BRANCH RD NW ,Washington DC ,BROAD BRANCH MARKET,930823000007,Y,Grocery Store,BROAD BRANCH MARKET,,,,2027/01/31 05:00:00+00,2023/02/02 05:00:00+00,2023/02/01 05:00:00+00,Public Health Food Establish,9305,Active,,WASHINGTON,DC,,550971605,38.9655973,-77.06866547,394049.17,144189.41,,263174,3,ANC 3/4G,3/4G05,SECOND,201,Cluster 10,,,2026/04/03 08:30:20+00,{4E8BF186-22D1-6B09-E063-782F520A8A93},393069762
,5774 2ND STREET N.E. WASHINGTON DC 20011 ,,RITA,HARDY,,2029999999,5774 2ND ST NE ,WASHINGTON DC 20011,SEWA INTERNATIONAL INC.,930814000012,Y,Grocery Store,SEWA INTERNATIONAL INC.,,,,2027/12/31 05:00:00+00,2025/11/19 05:00:00+00,2025/01/01 05:00:00+00,Public Health Food Establish,9308,Active,2026354470,WASHINGTON,DC,20011,551009971,38.9591649,-77.00480732,399583.34,143473.09,,288722,4,ANC 4B,4B08,FOURTH,406,Cluster 19,,,2026/04/03 08:30:23+00,{4E8BF186-A694-6B09-E063-782F520A8A93},393103493
,607 KENNEDY ST NW WASHINGTON DC 20011 ,FREDY DONIS,,,,,607 KENNEDY ST NW ,WASHINGTON DC 20011,RAMOS MARKET INC,930824000023,Y,Grocery Store,RAMOS MARKET INC,MARIA,RAMOS,,2028/07/31 04:00:00+00,2024/09/16 04:00:00+00,2024/08/01 04:00:00+00,Public Health Food Establish,9308,Active,,WASHINGTON,DC,20011,551003285,38.95659679,-77.02131559,398152.47,143188.21,,246733,4,ANC 4D,4D02,FOURTH,403,Cluster 18,,,2026/04/03 08:30:23+00,{4E8BF186-905C-6B09-E063-782F520A8A93},393097805
,615 DIVISION AVENUE  WASHINGTON DC 20019 ,,AWOL,ISSA,,(240) 505-1318,615 DIVISION AVE NE ,WASHINGTON DC 20019,AYUB INC.,930818000016,Y,Grocery Store,AYUB INC.,,,,2026/08/31 04:00:00+00,2024/08/09 04:00:00+00,2024/09/01 04:00:00+00,Public Health Food Establish,9101,Active,2405051318,WASHINGTON,DC,20019,551036468,38.89786439,-76.92552537,406460.41,136670.83,,4148,7,ANC 7C,7C06,SIXTH,608,Cluster 31,,,2026/04/03 08:30:26+00,{4E8BF187-00DB-6B09-E063-782F520A8A93},393126604
,6205 GEORGIA AVENUE  WASHINGTON DC 20011 ,C T Corporation System,,,,2025442200,6205 GEORGIA AVE NW ,WASHINGTON DC 20011,BROOK GEORGIA ENTERPRISES LLC.,930817000002,Y,Grocery Store,BROOK GEORGIA ENTERPRISES LLC.,,,,2028/01/31 05:00:00+00,2026/01/08 05:00:00+00,2026/01/08 05:00:00+00,Public Health Food Establish,9308,Active,3013322229,WASHINGTON,DC,20011,550940665,38.96528375,-77.02725269,397638.16,144152.68,,302323,4,ANC 4B,4B05,FOURTH,402,Cluster 17,,,2026/04/03 08:30:18+00,{4E8BF185-B8BC-6B09-E063-782F520A8A93},393042605
,6404 GEORGIA AVENUE  WASHINGTON DC 20012 ,,NORA,CHAVEZ,,(202) 722-7574,6404 GEORGIA AVE NW ,WASHINGTON DC 20012,"NORA, OSCAR INC.",50007869,Y,Grocery Store,"NORA, OSCAR INC.",,,,2026/08/31 04:00:00+00,2024/08/07 04:00:00+00,2024/09/01 04:00:00+00,Public Health Food Establish,9308,Active,2027227574,WASHINGTON,DC,20012,550959013,38.96776377,-77.02779598,397591.16,144428,,285334,4,ANC 4A,4A04,FOURTH,402,Cluster 17,,,2026/04/03 08:30:19+00,{4E8BF189-43EA-6B09-E063-782F520A8A93},393274843
,6419 GEORGIA AVENUE  WASHINGTON DC 20012 ,,ELIAS,DESTA,,(202) 758-0702,6419 GEORGIA AVE NW ,WASHINGTON DC 20012,EABLAD LLC.,930814000025,Y,Grocery Store,EABLAD LLC.,,,,2028/03/31 04:00:00+00,2026/03/19 04:00:00+00,2026/04/01 04:00:00+00,Public Health Food Establish,9308,Active,2027580702,WASHINGTON,DC,20012,550971678,38.9681158,-77.02705218,397655.63,144467.06,,254024,4,ANC 4B,4B02,FOURTH,402,Cluster 17,,,2026/04/03 08:30:20+00,{4E8BF186-2473-6B09-E063-782F520A8A93},393070180
Suit/Unit# 310B,700 F STREET NE WASHINGTON DC 20002 ,,SOON,LEE,C,2025461639,700 F ST NE ,WASHINGTON DC 20002,DSAY CORPORATION,67002579,Y,Grocery Store,DSAY CORPORATION,,,,2027/04/30 04:00:00+00,2025/05/29 04:00:00+00,2025/05/01 04:00:00+00,Public Health Food Establish,9308,Active,2025469851,WASHINGTON,DC,20002,550967603,38.89754106,-76.99598153,400348.59,136632.31,,279,6,ANC 6A,6A03,FIRST,104,Cluster 25,,,2026/04/03 08:30:19+00,{4E8BF186-168E-6B09-E063-782F520A8A93},393066623
,700 KENNEDY STREET N WASHINGTON DC 20011 ,,JESUS FELIPE,DE' LEON,,(202) 722-8924,700 KENNEDY ST NW ,WASHINGTON DC 20011,,53005379,Y,Grocery Store,,JESUS FELIPE,DE' LEON,,2027/08/31 04:00:00+00,2025/08/01 04:00:00+00,2025/08/01 04:00:00+00,Public Health Food Establish,9308,Active,2027228924,WASHINGTON,DC,20011,550967600,38.95617651,-77.02249458,398050.27,143141.58,,250249,4,ANC 4D,4D03,FOURTH,403,Cluster 18,,,2026/04/03 08:30:19+00,{4E8BF186-168B-6B09-E063-782F520A8A93},393066620
,700 L ST SE WASHINGTON DC 20003 ,PROFESSIONAL CORPORATION SERVICE,,,,2025488000,700 L ST SE ,WASHINGTON DC 20003,"L STREET MARKET, INC",41002411,Y,Grocery Store,"L STREET MARKET, INC",,,,2027/08/31 04:00:00+00,2025/08/06 04:00:00+00,2025/08/01 04:00:00+00,Public Health Food Establish,9308,Active,2025463023,WASHINGTON,DC,20003,551009966,38.87768848,-76.99595314,400351.15,134428.52,,296,8,ANC 8F,8F01,FIRST,106,Cluster 27,Capitol Riverfront BID,,2026/04/03 08:30:23+00,{4E8BF186-A68F-6B09-E063-782F520A8A93},393103488
,705 Kennedy st NW Washington DC 20011 ,MISRAK GEBREHIWOT,,,,,705 KENNEDY ST NW ,WASHINGTON DC 20011,"DC SUSHI,",930824000017,Y,Grocery Store,"DC SUSHI,",,,,2026/07/31 04:00:00+00,2024/08/13 04:00:00+00,2024/08/01 04:00:00+00,Public Health Food Establish,9308,Active,,WASHINGTON,DC,20011,550999392,38.95653114,-77.02261076,398040.21,143180.95,,285373,4,ANC 4D,4D03,FOURTH,403,Cluster 18,,,2026/04/03 08:30:22+00,{4E8BF189-A26F-6B09-E063-782F520A8A93},393299040
,725 8th ST SE Washington DC DC 20003 ,MOWZLI SRE MOHAN DASS,,,,,725 8TH ST ,WASHINGTON DC 20003,CASK AND BARREL,930825000033,Y,Grocery Store,CASK AND BARREL,,,,2027/04/30 04:00:00+00,2025/05/27 04:00:00+00,2025/05/01 04:00:00+00,Public Health Food Establish,4103,Active,,WASHINGTON,DC,20003,551006649,38.8803865,-76.99532799,400405.38,134728.06,,151131,6,ANC 6B,6B03,FIRST,106,Cluster 26,Capitol Hill BID,,2026/04/03 08:30:23+00,{4E8BF186-9A33-6B09-E063-782F520A8A93},393100324
4,1133 OWEN PLACE NE WASHINGTON DC 20002 ,,KISHA,LESURE,,,802 H ST NW ,WASHINGTON DC 20001,Newday Tobacco And Grocery LLC,930825000010,Y,Grocery Store,Newday Tobacco And Grocery LLC,,,,2026/10/31 04:00:00+00,2024/12/18 05:00:00+00,2024/11/01 04:00:00+00,Public Health Food Establish,9308,Active,,WASHINGTON,DC,20001,551037263,38.89963525,-77.02321144,397986.54,136865.03,,242823,2,ANC 2C,2C01,FIRST,101,Cluster 8,Downtown BID,,2026/04/03 08:30:26+00,{4E8BF187-024F-6B09-E063-782F520A8A93},393126976
,823 UPSHUR STREET N. WASHINGTON DC 20011 ,,TESHOME,CHEKOLE,,(999) 999-9999,823 UPSHUR ST NW ,WASHINGTON DC 20011,,50005776,Y,Grocery Store,,TESHOME,CHEKOLE,,2026/08/31 04:00:00+00,2024/06/12 04:00:00+00,2024/09/01 04:00:00+00,Public Health Food Establish,9308,Active,9999999999,WASHINGTON,DC,20011,551037243,38.94213351,-77.02428776,397894.43,141582.72,,252465,4,ANC 4C,4C01,FOURTH,407,Cluster 18,,,2026/04/03 08:30:26+00,{4E8BF189-49D3-6B09-E063-782F520A8A93},393276356
,831 KENNEDY STREET N WASHINGTON DC 20011 ,ADANECH GEBREMESKEL,,,,,831 KENNEDY ST NW ,WASHINGTON DC 20011,KENYNUR INC.,930824000024,Y,Grocery Store,KENYNUR INC.,,,,2026/08/31 04:00:00+00,2024/09/16 04:00:00+00,2024/09/01 04:00:00+00,Public Health Food Establish,4003,Active,,WASHINGTON,DC,20011,551005196,38.95649728,-77.02534475,397803.24,143177.29,,254490,4,ANC 4D,4D01,FOURTH,403,Cluster 18,,,2026/04/03 08:30:23+00,{4E8BF186-955E-6B09-E063-782F520A8A93},393099087
,"7730 EASTERN AVENUE, WASHINGTON DC 20012 ",Abubeker Mohammed,,,,,902 KENNEDY ST NW ,WASHINGTON DC 20011,ABUKEY,930822000011,Y,Grocery Store,ABUKEY,,,,2028/02/28 05:00:00+00,2026/02/20 05:00:00+00,2026/03/01 05:00:00+00,Public Health Food Establish,4003,Active,,WASHINGTON,DC,20011,551039024,38.95610099,-77.02612256,397735.81,143133.28,,285456,4,ANC 4D,4D03,FOURTH,403,Cluster 18,,,2026/04/03 08:30:26+00,{4E8BF187-086A-6B09-E063-782F520A8A93},393128539
,936 RHODE ISLAND AVE WASHINGTON DC 20018 ,ADANECH GEBREMESKEL,,,,,936 RHODE ISLAND AVE NE ,WASHINGTON DC 20018,JS,930821000015,Y,Grocery Store,JS,,,,2027/06/30 04:00:00+00,2025/06/25 04:00:00+00,2025/07/01 04:00:00+00,Public Health Food Establish,4003,Active,,WASHINGTON,DC,20018,550953453,38.92260905,-76.99271556,400631.68,139415.08,,289090,5,ANC 5B,5B04,FIFTH,504,Cluster 22,,,2026/04/03 08:30:19+00,{4E8BF185-E4B1-6B09-E063-782F520A8A93},393053858
